"LTER_site","local_site","year","collect_date","plot_num","old_plot_num","veg_class","fert","snow","snow_recovery","group","rep","anpp_g"
"Niwot Ridge LTER","SDL snowfence",1996,NA,1,"710","DM","CC",0,0,"Total",1,32.4
"Niwot Ridge LTER","SDL snowfence",1996,NA,2,"712","DM","CC",0,0,"Total",1,83.1
"Niwot Ridge LTER","SDL snowfence",1996,NA,3,"709","DM","CC",0,0,"Total",1,79.7
"Niwot Ridge LTER","SDL snowfence",1996,NA,4,"711","DM","CC",0,0,"Total",1,121
"Niwot Ridge LTER","SDL snowfence",1996,NA,5,"262","DM","NN",0,0,"Total",1,91.6
"Niwot Ridge LTER","SDL snowfence",1996,NA,6,"409","DM","NN",0,0,"Total",1,99.5
"Niwot Ridge LTER","SDL snowfence",1996,NA,7,"292","DM","NN",0,0,"Total",1,81.6
"Niwot Ridge LTER","SDL snowfence",1996,NA,8,"99","DM","NN",0,0,"Total",1,89.4
"Niwot Ridge LTER","SDL snowfence",1996,NA,9,"408","DM","NP",0,0,"Total",1,208.6
"Niwot Ridge LTER","SDL snowfence",1996,NA,10,"290","DM","NP",0,0,"Total",1,155.4
"Niwot Ridge LTER","SDL snowfence",1996,NA,11,"410","DM","NP",0,0,"Total",1,129
"Niwot Ridge LTER","SDL snowfence",1996,NA,12,"261","DM","NP",0,0,"Total",1,102.5
"Niwot Ridge LTER","SDL snowfence",1996,NA,13,"411","DM","PP",0,0,"Total",1,84.3
"Niwot Ridge LTER","SDL snowfence",1996,NA,14,"287","DM","PP",0,0,"Total",1,47.6
"Niwot Ridge LTER","SDL snowfence",1996,NA,15,"289","DM","PP",0,0,"Total",1,122.3
"Niwot Ridge LTER","SDL snowfence",1996,NA,16,"407","DM","PP",0,0,"Total",1,47.9
"Niwot Ridge LTER","SDL snowfence",1996,NA,17,"XX1","MM","CC",0,0,"Total",1,73.5
"Niwot Ridge LTER","SDL snowfence",1996,NA,18,"268","MM","CC",0,0,"Total",1,51.7
"Niwot Ridge LTER","SDL snowfence",1996,NA,19,"267","MM","CC",0,0,"Total",1,102.6
"Niwot Ridge LTER","SDL snowfence",1996,NA,20,"266","MM","CC",0,0,"Total",1,95.1
"Niwot Ridge LTER","SDL snowfence",1996,NA,21,"294","MM","NN",0,0,"Total",1,195.6
"Niwot Ridge LTER","SDL snowfence",1996,NA,22,"295","MM","NN",0,0,"Total",1,208
"Niwot Ridge LTER","SDL snowfence",1996,NA,23,"279","MM","NN",0,0,"Total",1,178.3
"Niwot Ridge LTER","SDL snowfence",1996,NA,24,"264","MM","NN",0,0,"Total",1,47.5
"Niwot Ridge LTER","SDL snowfence",1996,NA,25,"298","MM","NP",0,0,"Total",1,284.7
"Niwot Ridge LTER","SDL snowfence",1996,NA,26,"281","MM","NP",0,0,"Total",1,213
"Niwot Ridge LTER","SDL snowfence",1996,NA,27,"403","MM","NP",0,0,"Total",1,177.9
"Niwot Ridge LTER","SDL snowfence",1996,NA,28,"293","MM","NP",0,0,"Total",1,172.9
"Niwot Ridge LTER","SDL snowfence",1996,NA,29,"XX2","MM","PP",0,0,"Total",1,80.7
"Niwot Ridge LTER","SDL snowfence",1996,NA,30,"283","MM","PP",0,0,"Total",1,106
"Niwot Ridge LTER","SDL snowfence",1996,NA,31,"280","MM","PP",0,0,"Total",1,87.2
"Niwot Ridge LTER","SDL snowfence",1996,NA,32,"406","MM","PP",0,0,"Total",1,111.5
"Niwot Ridge LTER","SDL snowfence",1996,NA,33,"395","WM","CC",0,0,"Total",1,29
"Niwot Ridge LTER","SDL snowfence",1996,NA,34,"394","WM","CC",0,0,"Total",1,77
"Niwot Ridge LTER","SDL snowfence",1996,NA,35,"389","WM","CC",0,0,"Total",1,36
"Niwot Ridge LTER","SDL snowfence",1996,NA,36,"396","WM","CC",0,0,"Total",1,50
"Niwot Ridge LTER","SDL snowfence",1996,NA,37,"269","WM","NN",0,0,"Total",1,38
"Niwot Ridge LTER","SDL snowfence",1996,NA,38,"297","WM","NN",0,0,"Total",1,78
"Niwot Ridge LTER","SDL snowfence",1996,NA,39,"278","WM","NN",0,0,"Total",1,118
"Niwot Ridge LTER","SDL snowfence",1996,NA,40,"299","WM","NN",0,0,"Total",1,77
"Niwot Ridge LTER","SDL snowfence",1996,NA,41,"393","WM","NP",0,0,"Total",1,145
"Niwot Ridge LTER","SDL snowfence",1996,NA,42,"274","WM","NP",0,0,"Total",1,49
"Niwot Ridge LTER","SDL snowfence",1996,NA,43,"392","WM","NP",0,0,"Total",1,119
"Niwot Ridge LTER","SDL snowfence",1996,NA,44,"272","WM","NP",0,0,"Total",1,108
"Niwot Ridge LTER","SDL snowfence",1996,NA,45,"270","WM","PP",0,0,"Total",1,75
"Niwot Ridge LTER","SDL snowfence",1996,NA,46,"275","WM","PP",0,0,"Total",1,32
"Niwot Ridge LTER","SDL snowfence",1996,NA,47,"277","WM","PP",0,0,"Total",1,77
"Niwot Ridge LTER","SDL snowfence",1996,NA,48,"276","WM","PP",0,0,"Total",1,62
"Niwot Ridge LTER","SDL snowfence",1996,NA,49,"888","DM","CC",1,0,"Total",1,63.7
"Niwot Ridge LTER","SDL snowfence",1996,NA,50,"889","DM","CC",1,0,"Total",1,53.4
"Niwot Ridge LTER","SDL snowfence",1996,NA,51,"890","DM","CC",1,0,"Total",1,49.1
"Niwot Ridge LTER","SDL snowfence",1996,NA,52,"891","DM","CC",1,0,"Total",1,7.7
"Niwot Ridge LTER","SDL snowfence",1996,NA,53,"417","DM","NN",1,0,"Total",1,97.2
"Niwot Ridge LTER","SDL snowfence",1996,NA,54,"415","DM","NN",1,0,"Total",1,106.2
"Niwot Ridge LTER","SDL snowfence",1996,NA,55,"864","DM","NN",1,0,"Total",1,42.6
"Niwot Ridge LTER","SDL snowfence",1996,NA,56,"413","DM","NN",1,0,"Total",1,15.3
"Niwot Ridge LTER","SDL snowfence",1996,NA,57,"868","DM","NP",1,0,"Total",1,145.5
"Niwot Ridge LTER","SDL snowfence",1996,NA,58,"894","DM","NP",1,0,"Total",1,80.6
"Niwot Ridge LTER","SDL snowfence",1996,NA,59,"866","DM","NP",1,0,"Total",1,148.2
"Niwot Ridge LTER","SDL snowfence",1996,NA,60,"869","DM","NP",1,0,"Total",1,56.9
"Niwot Ridge LTER","SDL snowfence",1996,NA,61,"400","DM","PP",1,0,"Total",1,99.9
"Niwot Ridge LTER","SDL snowfence",1996,NA,62,"416","DM","PP",1,0,"Total",1,99.4
"Niwot Ridge LTER","SDL snowfence",1996,NA,63,"414","DM","PP",1,0,"Total",1,40.9
"Niwot Ridge LTER","SDL snowfence",1996,NA,64,"412","DM","PP",1,0,"Total",1,11
"Niwot Ridge LTER","SDL snowfence",1996,NA,65,"885","MM","CC",1,0,"Total",1,83.9
"Niwot Ridge LTER","SDL snowfence",1996,NA,66,"883","MM","CC",1,0,"Total",1,71.6
"Niwot Ridge LTER","SDL snowfence",1996,NA,67,"882","MM","CC",1,0,"Total",1,65.3
"Niwot Ridge LTER","SDL snowfence",1996,NA,68,"887","MM","CC",1,0,"Total",1,62.4
"Niwot Ridge LTER","SDL snowfence",1996,NA,69,"875","MM","NN",1,0,"Total",1,129
"Niwot Ridge LTER","SDL snowfence",1996,NA,70,"884","MM","NN",1,0,"Total",1,53.4
"Niwot Ridge LTER","SDL snowfence",1996,NA,71,"419","MM","NN",1,0,"Total",1,126.9
"Niwot Ridge LTER","SDL snowfence",1996,NA,72,"880","MM","NN",1,0,"Total",1,81.3
"Niwot Ridge LTER","SDL snowfence",1996,NA,73,"877","MM","NP",1,0,"Total",1,116.5
"Niwot Ridge LTER","SDL snowfence",1996,NA,74,"873","MM","NP",1,0,"Total",1,93
"Niwot Ridge LTER","SDL snowfence",1996,NA,75,"871","MM","NP",1,0,"Total",1,109.9
"Niwot Ridge LTER","SDL snowfence",1996,NA,76,"886","MM","NP",1,0,"Total",1,93.4
"Niwot Ridge LTER","SDL snowfence",1996,NA,77,"420","MM","PP",1,0,"Total",1,77.6
"Niwot Ridge LTER","SDL snowfence",1996,NA,78,"418","MM","PP",1,0,"Total",1,80.6
"Niwot Ridge LTER","SDL snowfence",1996,NA,79,"872","MM","PP",1,0,"Total",1,80.8
"Niwot Ridge LTER","SDL snowfence",1996,NA,80,"881","MM","PP",1,0,"Total",1,68.9
"Niwot Ridge LTER","SDL snowfence",1997,NA,1,"710","DM","CC",0,0,"Forb",1,25.5
"Niwot Ridge LTER","SDL snowfence",1997,NA,1,"710","DM","CC",0,0,"Graminoid",1,47.5
"Niwot Ridge LTER","SDL snowfence",1997,NA,1,"710","DM","CC",0,0,"Total",1,73
"Niwot Ridge LTER","SDL snowfence",1997,NA,1,"710","DM","CC",0,0,"Forb",2,55.3
"Niwot Ridge LTER","SDL snowfence",1997,NA,1,"710","DM","CC",0,0,"Graminoid",2,37
"Niwot Ridge LTER","SDL snowfence",1997,NA,1,"710","DM","CC",0,0,"Total",2,92.3
"Niwot Ridge LTER","SDL snowfence",1997,NA,2,"712","DM","CC",0,0,"Forb",1,13.1
"Niwot Ridge LTER","SDL snowfence",1997,NA,2,"712","DM","CC",0,0,"Graminoid",1,39.1
"Niwot Ridge LTER","SDL snowfence",1997,NA,2,"712","DM","CC",0,0,"Total",1,52.2
"Niwot Ridge LTER","SDL snowfence",1997,NA,2,"712","DM","CC",0,0,"Forb",2,40.8
"Niwot Ridge LTER","SDL snowfence",1997,NA,2,"712","DM","CC",0,0,"Graminoid",2,63
"Niwot Ridge LTER","SDL snowfence",1997,NA,2,"712","DM","CC",0,0,"Total",2,103.8
"Niwot Ridge LTER","SDL snowfence",1997,NA,3,"709","DM","CC",0,0,"Forb",1,16.5
"Niwot Ridge LTER","SDL snowfence",1997,NA,3,"709","DM","CC",0,0,"Graminoid",1,33.9
"Niwot Ridge LTER","SDL snowfence",1997,NA,3,"709","DM","CC",0,0,"Total",1,50.4
"Niwot Ridge LTER","SDL snowfence",1997,NA,3,"709","DM","CC",0,0,"Forb",2,16.2
"Niwot Ridge LTER","SDL snowfence",1997,NA,3,"709","DM","CC",0,0,"Graminoid",2,57.2
"Niwot Ridge LTER","SDL snowfence",1997,NA,3,"709","DM","CC",0,0,"Total",2,73.4
"Niwot Ridge LTER","SDL snowfence",1997,NA,4,"711","DM","CC",0,0,"Forb",1,94.6
"Niwot Ridge LTER","SDL snowfence",1997,NA,4,"711","DM","CC",0,0,"Graminoid",1,17.9
"Niwot Ridge LTER","SDL snowfence",1997,NA,4,"711","DM","CC",0,0,"Total",1,112.5
"Niwot Ridge LTER","SDL snowfence",1997,NA,4,"711","DM","CC",0,0,"Forb",2,59.6
"Niwot Ridge LTER","SDL snowfence",1997,NA,4,"711","DM","CC",0,0,"Graminoid",2,56.3
"Niwot Ridge LTER","SDL snowfence",1997,NA,4,"711","DM","CC",0,0,"Total",2,115.9
"Niwot Ridge LTER","SDL snowfence",1997,NA,5,"262","DM","NN",0,0,"Forb",1,62
"Niwot Ridge LTER","SDL snowfence",1997,NA,5,"262","DM","NN",0,0,"Graminoid",1,47.4
"Niwot Ridge LTER","SDL snowfence",1997,NA,5,"262","DM","NN",0,0,"Total",1,109.4
"Niwot Ridge LTER","SDL snowfence",1997,NA,5,"262","DM","NN",0,0,"Forb",2,45.4
"Niwot Ridge LTER","SDL snowfence",1997,NA,5,"262","DM","NN",0,0,"Graminoid",2,80.3
"Niwot Ridge LTER","SDL snowfence",1997,NA,5,"262","DM","NN",0,0,"Total",2,125.7
"Niwot Ridge LTER","SDL snowfence",1997,NA,6,"409","DM","NN",0,0,"Forb",1,83.3
"Niwot Ridge LTER","SDL snowfence",1997,NA,6,"409","DM","NN",0,0,"Graminoid",1,36.2
"Niwot Ridge LTER","SDL snowfence",1997,NA,6,"409","DM","NN",0,0,"Total",1,119.5
"Niwot Ridge LTER","SDL snowfence",1997,NA,6,"409","DM","NN",0,0,"Forb",2,25
"Niwot Ridge LTER","SDL snowfence",1997,NA,6,"409","DM","NN",0,0,"Graminoid",2,87.8
"Niwot Ridge LTER","SDL snowfence",1997,NA,6,"409","DM","NN",0,0,"Total",2,112.8
"Niwot Ridge LTER","SDL snowfence",1997,NA,7,"292","DM","NN",0,0,"Forb",1,74.3
"Niwot Ridge LTER","SDL snowfence",1997,NA,7,"292","DM","NN",0,0,"Graminoid",1,25.9
"Niwot Ridge LTER","SDL snowfence",1997,NA,7,"292","DM","NN",0,0,"Total",1,100.2
"Niwot Ridge LTER","SDL snowfence",1997,NA,7,"292","DM","NN",0,0,"Forb",2,33
"Niwot Ridge LTER","SDL snowfence",1997,NA,7,"292","DM","NN",0,0,"Graminoid",2,32.9
"Niwot Ridge LTER","SDL snowfence",1997,NA,7,"292","DM","NN",0,0,"Total",2,65.9
"Niwot Ridge LTER","SDL snowfence",1997,NA,8,"99","DM","NN",0,0,"Forb",1,23.2
"Niwot Ridge LTER","SDL snowfence",1997,NA,8,"99","DM","NN",0,0,"Graminoid",1,37.5
"Niwot Ridge LTER","SDL snowfence",1997,NA,8,"99","DM","NN",0,0,"Total",1,60.7
"Niwot Ridge LTER","SDL snowfence",1997,NA,8,"99","DM","NN",0,0,"Forb",2,6.9
"Niwot Ridge LTER","SDL snowfence",1997,NA,8,"99","DM","NN",0,0,"Graminoid",2,36.2
"Niwot Ridge LTER","SDL snowfence",1997,NA,8,"99","DM","NN",0,0,"Total",2,43.1
"Niwot Ridge LTER","SDL snowfence",1997,NA,9,"408","DM","NP",0,0,"Forb",1,49.2
"Niwot Ridge LTER","SDL snowfence",1997,NA,9,"408","DM","NP",0,0,"Graminoid",1,86.4
"Niwot Ridge LTER","SDL snowfence",1997,NA,9,"408","DM","NP",0,0,"Total",1,135.6
"Niwot Ridge LTER","SDL snowfence",1997,NA,9,"408","DM","NP",0,0,"Forb",2,22.8
"Niwot Ridge LTER","SDL snowfence",1997,NA,9,"408","DM","NP",0,0,"Graminoid",2,95.7
"Niwot Ridge LTER","SDL snowfence",1997,NA,9,"408","DM","NP",0,0,"Total",2,118.5
"Niwot Ridge LTER","SDL snowfence",1997,NA,10,"290","DM","NP",0,0,"Forb",1,83.2
"Niwot Ridge LTER","SDL snowfence",1997,NA,10,"290","DM","NP",0,0,"Graminoid",1,8.7
"Niwot Ridge LTER","SDL snowfence",1997,NA,10,"290","DM","NP",0,0,"Total",1,91.9
"Niwot Ridge LTER","SDL snowfence",1997,NA,10,"290","DM","NP",0,0,"Forb",2,90.1
"Niwot Ridge LTER","SDL snowfence",1997,NA,10,"290","DM","NP",0,0,"Graminoid",2,13.9
"Niwot Ridge LTER","SDL snowfence",1997,NA,10,"290","DM","NP",0,0,"Total",2,104
"Niwot Ridge LTER","SDL snowfence",1997,NA,11,"410","DM","NP",0,0,"Forb",1,48.6
"Niwot Ridge LTER","SDL snowfence",1997,NA,11,"410","DM","NP",0,0,"Graminoid",1,110.8
"Niwot Ridge LTER","SDL snowfence",1997,NA,11,"410","DM","NP",0,0,"Total",1,159.4
"Niwot Ridge LTER","SDL snowfence",1997,NA,11,"410","DM","NP",0,0,"Forb",2,150.4
"Niwot Ridge LTER","SDL snowfence",1997,NA,11,"410","DM","NP",0,0,"Graminoid",2,92
"Niwot Ridge LTER","SDL snowfence",1997,NA,11,"410","DM","NP",0,0,"Total",2,242.4
"Niwot Ridge LTER","SDL snowfence",1997,NA,12,"261","DM","NP",0,0,"Forb",1,39.6
"Niwot Ridge LTER","SDL snowfence",1997,NA,12,"261","DM","NP",0,0,"Graminoid",1,168.2
"Niwot Ridge LTER","SDL snowfence",1997,NA,12,"261","DM","NP",0,0,"Total",1,207.8
"Niwot Ridge LTER","SDL snowfence",1997,NA,12,"261","DM","NP",0,0,"Forb",2,56.2
"Niwot Ridge LTER","SDL snowfence",1997,NA,12,"261","DM","NP",0,0,"Graminoid",2,97.9
"Niwot Ridge LTER","SDL snowfence",1997,NA,12,"261","DM","NP",0,0,"Total",2,154.1
"Niwot Ridge LTER","SDL snowfence",1997,NA,13,"411","DM","PP",0,0,"Forb",1,30.7
"Niwot Ridge LTER","SDL snowfence",1997,NA,13,"411","DM","PP",0,0,"Graminoid",1,30.1
"Niwot Ridge LTER","SDL snowfence",1997,NA,13,"411","DM","PP",0,0,"Total",1,60.8
"Niwot Ridge LTER","SDL snowfence",1997,NA,13,"411","DM","PP",0,0,"Forb",2,48.8
"Niwot Ridge LTER","SDL snowfence",1997,NA,13,"411","DM","PP",0,0,"Graminoid",2,34.4
"Niwot Ridge LTER","SDL snowfence",1997,NA,13,"411","DM","PP",0,0,"Total",2,83.2
"Niwot Ridge LTER","SDL snowfence",1997,NA,14,"287","DM","PP",0,0,"Forb",1,105.3
"Niwot Ridge LTER","SDL snowfence",1997,NA,14,"287","DM","PP",0,0,"Graminoid",1,42.8
"Niwot Ridge LTER","SDL snowfence",1997,NA,14,"287","DM","PP",0,0,"Total",1,148.1
"Niwot Ridge LTER","SDL snowfence",1997,NA,14,"287","DM","PP",0,0,"Forb",2,76.9
"Niwot Ridge LTER","SDL snowfence",1997,NA,14,"287","DM","PP",0,0,"Graminoid",2,39.1
"Niwot Ridge LTER","SDL snowfence",1997,NA,14,"287","DM","PP",0,0,"Total",2,116
"Niwot Ridge LTER","SDL snowfence",1997,NA,15,"289","DM","PP",0,0,"Forb",1,62.5
"Niwot Ridge LTER","SDL snowfence",1997,NA,15,"289","DM","PP",0,0,"Graminoid",1,8.4
"Niwot Ridge LTER","SDL snowfence",1997,NA,15,"289","DM","PP",0,0,"Total",1,70.9
"Niwot Ridge LTER","SDL snowfence",1997,NA,15,"289","DM","PP",0,0,"Forb",2,85.9
"Niwot Ridge LTER","SDL snowfence",1997,NA,15,"289","DM","PP",0,0,"Graminoid",2,52.7
"Niwot Ridge LTER","SDL snowfence",1997,NA,15,"289","DM","PP",0,0,"Total",2,138.6
"Niwot Ridge LTER","SDL snowfence",1997,NA,16,"407","DM","PP",0,0,"Forb",1,5.7
"Niwot Ridge LTER","SDL snowfence",1997,NA,16,"407","DM","PP",0,0,"Graminoid",1,49.2
"Niwot Ridge LTER","SDL snowfence",1997,NA,16,"407","DM","PP",0,0,"Total",1,54.9
"Niwot Ridge LTER","SDL snowfence",1997,NA,16,"407","DM","PP",0,0,"Forb",2,8.3
"Niwot Ridge LTER","SDL snowfence",1997,NA,16,"407","DM","PP",0,0,"Graminoid",2,35.5
"Niwot Ridge LTER","SDL snowfence",1997,NA,16,"407","DM","PP",0,0,"Total",2,43.8
"Niwot Ridge LTER","SDL snowfence",1997,NA,17,"870","MM","CC",0,0,"Forb",1,0.3
"Niwot Ridge LTER","SDL snowfence",1997,NA,17,"870","MM","CC",0,0,"Graminoid",1,112.8
"Niwot Ridge LTER","SDL snowfence",1997,NA,17,"870","MM","CC",0,0,"Total",1,113.1
"Niwot Ridge LTER","SDL snowfence",1997,NA,17,"870","MM","CC",0,0,"Forb",2,38.5
"Niwot Ridge LTER","SDL snowfence",1997,NA,17,"870","MM","CC",0,0,"Graminoid",2,48.7
"Niwot Ridge LTER","SDL snowfence",1997,NA,17,"870","MM","CC",0,0,"Total",2,87.2
"Niwot Ridge LTER","SDL snowfence",1997,NA,18,"268","MM","CC",0,0,"Forb",1,84.1
"Niwot Ridge LTER","SDL snowfence",1997,NA,18,"268","MM","CC",0,0,"Graminoid",1,2.5
"Niwot Ridge LTER","SDL snowfence",1997,NA,18,"268","MM","CC",0,0,"Total",1,86.6
"Niwot Ridge LTER","SDL snowfence",1997,NA,18,"268","MM","CC",0,0,"Forb",2,36
"Niwot Ridge LTER","SDL snowfence",1997,NA,18,"268","MM","CC",0,0,"Graminoid",2,25.2
"Niwot Ridge LTER","SDL snowfence",1997,NA,18,"268","MM","CC",0,0,"Total",2,61.2
"Niwot Ridge LTER","SDL snowfence",1997,NA,19,"267","MM","CC",0,0,"Forb",1,67.6
"Niwot Ridge LTER","SDL snowfence",1997,NA,19,"267","MM","CC",0,0,"Graminoid",1,40
"Niwot Ridge LTER","SDL snowfence",1997,NA,19,"267","MM","CC",0,0,"Total",1,107.6
"Niwot Ridge LTER","SDL snowfence",1997,NA,19,"267","MM","CC",0,0,"Forb",2,30
"Niwot Ridge LTER","SDL snowfence",1997,NA,19,"267","MM","CC",0,0,"Graminoid",2,7.1
"Niwot Ridge LTER","SDL snowfence",1997,NA,19,"267","MM","CC",0,0,"Total",2,37.1
"Niwot Ridge LTER","SDL snowfence",1997,NA,20,"266","MM","CC",0,0,"Forb",1,115.1
"Niwot Ridge LTER","SDL snowfence",1997,NA,20,"266","MM","CC",0,0,"Graminoid",1,38.7
"Niwot Ridge LTER","SDL snowfence",1997,NA,20,"266","MM","CC",0,0,"Total",1,153.8
"Niwot Ridge LTER","SDL snowfence",1997,NA,20,"266","MM","CC",0,0,"Forb",2,136
"Niwot Ridge LTER","SDL snowfence",1997,NA,20,"266","MM","CC",0,0,"Graminoid",2,22.1
"Niwot Ridge LTER","SDL snowfence",1997,NA,20,"266","MM","CC",0,0,"Total",2,158.1
"Niwot Ridge LTER","SDL snowfence",1997,NA,21,"294","MM","NN",0,0,"Forb",1,74.4
"Niwot Ridge LTER","SDL snowfence",1997,NA,21,"294","MM","NN",0,0,"Graminoid",1,12
"Niwot Ridge LTER","SDL snowfence",1997,NA,21,"294","MM","NN",0,0,"Total",1,86.4
"Niwot Ridge LTER","SDL snowfence",1997,NA,21,"294","MM","NN",0,0,"Forb",2,142.6
"Niwot Ridge LTER","SDL snowfence",1997,NA,21,"294","MM","NN",0,0,"Graminoid",2,8.8
"Niwot Ridge LTER","SDL snowfence",1997,NA,21,"294","MM","NN",0,0,"Total",2,151.4
"Niwot Ridge LTER","SDL snowfence",1997,NA,22,"295","MM","NN",0,0,"Forb",1,139.6
"Niwot Ridge LTER","SDL snowfence",1997,NA,22,"295","MM","NN",0,0,"Graminoid",1,48.5
"Niwot Ridge LTER","SDL snowfence",1997,NA,22,"295","MM","NN",0,0,"Total",1,188.1
"Niwot Ridge LTER","SDL snowfence",1997,NA,22,"295","MM","NN",0,0,"Forb",2,87.8
"Niwot Ridge LTER","SDL snowfence",1997,NA,22,"295","MM","NN",0,0,"Graminoid",2,19.6
"Niwot Ridge LTER","SDL snowfence",1997,NA,22,"295","MM","NN",0,0,"Total",2,107.4
"Niwot Ridge LTER","SDL snowfence",1997,NA,23,"279","MM","NN",0,0,"Forb",1,52.9
"Niwot Ridge LTER","SDL snowfence",1997,NA,23,"279","MM","NN",0,0,"Graminoid",1,50.6
"Niwot Ridge LTER","SDL snowfence",1997,NA,23,"279","MM","NN",0,0,"Total",1,103.5
"Niwot Ridge LTER","SDL snowfence",1997,NA,23,"279","MM","NN",0,0,"Forb",2,49.2
"Niwot Ridge LTER","SDL snowfence",1997,NA,23,"279","MM","NN",0,0,"Graminoid",2,20.7
"Niwot Ridge LTER","SDL snowfence",1997,NA,23,"279","MM","NN",0,0,"Total",2,69.9
"Niwot Ridge LTER","SDL snowfence",1997,NA,24,"264","MM","NN",0,0,"Forb",1,92.1
"Niwot Ridge LTER","SDL snowfence",1997,NA,24,"264","MM","NN",0,0,"Graminoid",1,15
"Niwot Ridge LTER","SDL snowfence",1997,NA,24,"264","MM","NN",0,0,"Total",1,107.1
"Niwot Ridge LTER","SDL snowfence",1997,NA,24,"264","MM","NN",0,0,"Forb",2,91.6
"Niwot Ridge LTER","SDL snowfence",1997,NA,24,"264","MM","NN",0,0,"Graminoid",2,0.4
"Niwot Ridge LTER","SDL snowfence",1997,NA,24,"264","MM","NN",0,0,"Total",2,92
"Niwot Ridge LTER","SDL snowfence",1997,NA,25,"298","MM","NP",0,0,"Forb",1,155.9
"Niwot Ridge LTER","SDL snowfence",1997,NA,25,"298","MM","NP",0,0,"Graminoid",1,184
"Niwot Ridge LTER","SDL snowfence",1997,NA,25,"298","MM","NP",0,0,"Total",1,339.9
"Niwot Ridge LTER","SDL snowfence",1997,NA,25,"298","MM","NP",0,0,"Forb",2,127.6
"Niwot Ridge LTER","SDL snowfence",1997,NA,25,"298","MM","NP",0,0,"Graminoid",2,53.1
"Niwot Ridge LTER","SDL snowfence",1997,NA,25,"298","MM","NP",0,0,"Total",2,180.7
"Niwot Ridge LTER","SDL snowfence",1997,NA,26,"281","MM","NP",0,0,"Forb",1,102.4
"Niwot Ridge LTER","SDL snowfence",1997,NA,26,"281","MM","NP",0,0,"Graminoid",1,20.2
"Niwot Ridge LTER","SDL snowfence",1997,NA,26,"281","MM","NP",0,0,"Total",1,122.6
"Niwot Ridge LTER","SDL snowfence",1997,NA,26,"281","MM","NP",0,0,"Forb",2,10.3
"Niwot Ridge LTER","SDL snowfence",1997,NA,26,"281","MM","NP",0,0,"Graminoid",2,237.9
"Niwot Ridge LTER","SDL snowfence",1997,NA,26,"281","MM","NP",0,0,"Total",2,248.2
"Niwot Ridge LTER","SDL snowfence",1997,NA,27,"403","MM","NP",0,0,"Forb",1,49.9
"Niwot Ridge LTER","SDL snowfence",1997,NA,27,"403","MM","NP",0,0,"Graminoid",1,38.1
"Niwot Ridge LTER","SDL snowfence",1997,NA,27,"403","MM","NP",0,0,"Total",1,88
"Niwot Ridge LTER","SDL snowfence",1997,NA,27,"403","MM","NP",0,0,"Forb",2,53.9
"Niwot Ridge LTER","SDL snowfence",1997,NA,27,"403","MM","NP",0,0,"Graminoid",2,30.6
"Niwot Ridge LTER","SDL snowfence",1997,NA,27,"403","MM","NP",0,0,"Total",2,84.5
"Niwot Ridge LTER","SDL snowfence",1997,NA,28,"293","MM","NP",0,0,"Forb",1,97.6
"Niwot Ridge LTER","SDL snowfence",1997,NA,28,"293","MM","NP",0,0,"Graminoid",1,276.4
"Niwot Ridge LTER","SDL snowfence",1997,NA,28,"293","MM","NP",0,0,"Total",1,374
"Niwot Ridge LTER","SDL snowfence",1997,NA,28,"293","MM","NP",0,0,"Forb",2,92.4
"Niwot Ridge LTER","SDL snowfence",1997,NA,28,"293","MM","NP",0,0,"Graminoid",2,39.7
"Niwot Ridge LTER","SDL snowfence",1997,NA,28,"293","MM","NP",0,0,"Total",2,132.1
"Niwot Ridge LTER","SDL snowfence",1997,NA,29.5,"397","MM","PP",0,0,"Forb",1,147
"Niwot Ridge LTER","SDL snowfence",1997,NA,29.5,"397","MM","PP",0,0,"Graminoid",1,26.6
"Niwot Ridge LTER","SDL snowfence",1997,NA,29.5,"397","MM","PP",0,0,"Total",1,173.6
"Niwot Ridge LTER","SDL snowfence",1997,NA,29.5,"397","MM","PP",0,0,"Forb",2,157.8
"Niwot Ridge LTER","SDL snowfence",1997,NA,29.5,"397","MM","PP",0,0,"Graminoid",2,54.5
"Niwot Ridge LTER","SDL snowfence",1997,NA,29.5,"397","MM","PP",0,0,"Total",2,212.3
"Niwot Ridge LTER","SDL snowfence",1997,NA,30,"283","MM","PP",0,0,"Forb",1,71.4
"Niwot Ridge LTER","SDL snowfence",1997,NA,30,"283","MM","PP",0,0,"Graminoid",1,29.8
"Niwot Ridge LTER","SDL snowfence",1997,NA,30,"283","MM","PP",0,0,"Total",1,101.2
"Niwot Ridge LTER","SDL snowfence",1997,NA,30,"283","MM","PP",0,0,"Forb",2,81.2
"Niwot Ridge LTER","SDL snowfence",1997,NA,30,"283","MM","PP",0,0,"Graminoid",2,4.6
"Niwot Ridge LTER","SDL snowfence",1997,NA,30,"283","MM","PP",0,0,"Total",2,85.8
"Niwot Ridge LTER","SDL snowfence",1997,NA,31,"280","MM","PP",0,0,"Forb",1,123.6
"Niwot Ridge LTER","SDL snowfence",1997,NA,31,"280","MM","PP",0,0,"Graminoid",1,6.4
"Niwot Ridge LTER","SDL snowfence",1997,NA,31,"280","MM","PP",0,0,"Total",1,130
"Niwot Ridge LTER","SDL snowfence",1997,NA,31,"280","MM","PP",0,0,"Forb",2,175.4
"Niwot Ridge LTER","SDL snowfence",1997,NA,31,"280","MM","PP",0,0,"Graminoid",2,6.1
"Niwot Ridge LTER","SDL snowfence",1997,NA,31,"280","MM","PP",0,0,"Total",2,181.5
"Niwot Ridge LTER","SDL snowfence",1997,NA,32,"406","MM","PP",0,0,"Forb",1,123.5
"Niwot Ridge LTER","SDL snowfence",1997,NA,32,"406","MM","PP",0,0,"Graminoid",1,33.4
"Niwot Ridge LTER","SDL snowfence",1997,NA,32,"406","MM","PP",0,0,"Total",1,156.9
"Niwot Ridge LTER","SDL snowfence",1997,NA,32,"406","MM","PP",0,0,"Forb",2,109.5
"Niwot Ridge LTER","SDL snowfence",1997,NA,32,"406","MM","PP",0,0,"Graminoid",2,35.1
"Niwot Ridge LTER","SDL snowfence",1997,NA,32,"406","MM","PP",0,0,"Total",2,144.6
"Niwot Ridge LTER","SDL snowfence",1997,NA,33,"395","WM","CC",0,0,"Forb",1,91.2
"Niwot Ridge LTER","SDL snowfence",1997,NA,33,"395","WM","CC",0,0,"Graminoid",1,1.4
"Niwot Ridge LTER","SDL snowfence",1997,NA,33,"395","WM","CC",0,0,"Total",1,92.6
"Niwot Ridge LTER","SDL snowfence",1997,NA,33,"395","WM","CC",0,0,"Forb",2,125.7
"Niwot Ridge LTER","SDL snowfence",1997,NA,33,"395","WM","CC",0,0,"Graminoid",2,1.9
"Niwot Ridge LTER","SDL snowfence",1997,NA,33,"395","WM","CC",0,0,"Total",2,127.6
"Niwot Ridge LTER","SDL snowfence",1997,NA,34,"394","WM","CC",0,0,"Forb",1,62.1
"Niwot Ridge LTER","SDL snowfence",1997,NA,34,"394","WM","CC",0,0,"Graminoid",1,2
"Niwot Ridge LTER","SDL snowfence",1997,NA,34,"394","WM","CC",0,0,"Total",1,64.1
"Niwot Ridge LTER","SDL snowfence",1997,NA,34,"394","WM","CC",0,0,"Forb",2,51.8
"Niwot Ridge LTER","SDL snowfence",1997,NA,34,"394","WM","CC",0,0,"Graminoid",2,0.1
"Niwot Ridge LTER","SDL snowfence",1997,NA,34,"394","WM","CC",0,0,"Total",2,51.9
"Niwot Ridge LTER","SDL snowfence",1997,NA,35,"389","WM","CC",0,0,"Forb",1,26.1
"Niwot Ridge LTER","SDL snowfence",1997,NA,35,"389","WM","CC",0,0,"Graminoid",1,11.7
"Niwot Ridge LTER","SDL snowfence",1997,NA,35,"389","WM","CC",0,0,"Total",1,37.8
"Niwot Ridge LTER","SDL snowfence",1997,NA,35,"389","WM","CC",0,0,"Forb",2,103.6
"Niwot Ridge LTER","SDL snowfence",1997,NA,35,"389","WM","CC",0,0,"Graminoid",2,21.2
"Niwot Ridge LTER","SDL snowfence",1997,NA,35,"389","WM","CC",0,0,"Total",2,124.8
"Niwot Ridge LTER","SDL snowfence",1997,NA,36,"396","WM","CC",0,0,"Forb",1,61.1
"Niwot Ridge LTER","SDL snowfence",1997,NA,36,"396","WM","CC",0,0,"Graminoid",1,41
"Niwot Ridge LTER","SDL snowfence",1997,NA,36,"396","WM","CC",0,0,"Total",1,102.1
"Niwot Ridge LTER","SDL snowfence",1997,NA,36,"396","WM","CC",0,0,"Forb",2,148.4
"Niwot Ridge LTER","SDL snowfence",1997,NA,36,"396","WM","CC",0,0,"Graminoid",2,67.5
"Niwot Ridge LTER","SDL snowfence",1997,NA,36,"396","WM","CC",0,0,"Total",2,215.9
"Niwot Ridge LTER","SDL snowfence",1997,NA,37,"269","WM","NN",0,0,"Forb",1,19.1
"Niwot Ridge LTER","SDL snowfence",1997,NA,37,"269","WM","NN",0,0,"Graminoid",1,3
"Niwot Ridge LTER","SDL snowfence",1997,NA,37,"269","WM","NN",0,0,"Total",1,22.1
"Niwot Ridge LTER","SDL snowfence",1997,NA,37,"269","WM","NN",0,0,"Forb",2,42
"Niwot Ridge LTER","SDL snowfence",1997,NA,37,"269","WM","NN",0,0,"Graminoid",2,20.1
"Niwot Ridge LTER","SDL snowfence",1997,NA,37,"269","WM","NN",0,0,"Total",2,62.1
"Niwot Ridge LTER","SDL snowfence",1997,NA,38,"297","WM","NN",0,0,"Forb",1,9.9
"Niwot Ridge LTER","SDL snowfence",1997,NA,38,"297","WM","NN",0,0,"Graminoid",1,121.9
"Niwot Ridge LTER","SDL snowfence",1997,NA,38,"297","WM","NN",0,0,"Total",1,131.8
"Niwot Ridge LTER","SDL snowfence",1997,NA,38,"297","WM","NN",0,0,"Forb",2,13.4
"Niwot Ridge LTER","SDL snowfence",1997,NA,38,"297","WM","NN",0,0,"Graminoid",2,96.8
"Niwot Ridge LTER","SDL snowfence",1997,NA,38,"297","WM","NN",0,0,"Total",2,110.2
"Niwot Ridge LTER","SDL snowfence",1997,NA,39,"278","WM","NN",0,0,"Forb",1,70.4
"Niwot Ridge LTER","SDL snowfence",1997,NA,39,"278","WM","NN",0,0,"Graminoid",1,151.2
"Niwot Ridge LTER","SDL snowfence",1997,NA,39,"278","WM","NN",0,0,"Total",1,221.6
"Niwot Ridge LTER","SDL snowfence",1997,NA,39,"278","WM","NN",0,0,"Forb",2,77.3
"Niwot Ridge LTER","SDL snowfence",1997,NA,39,"278","WM","NN",0,0,"Graminoid",2,55.1
"Niwot Ridge LTER","SDL snowfence",1997,NA,39,"278","WM","NN",0,0,"Total",2,132.4
"Niwot Ridge LTER","SDL snowfence",1997,NA,40,"299","WM","NN",0,0,"Forb",1,86.3
"Niwot Ridge LTER","SDL snowfence",1997,NA,40,"299","WM","NN",0,0,"Graminoid",1,168.6
"Niwot Ridge LTER","SDL snowfence",1997,NA,40,"299","WM","NN",0,0,"Total",1,254.9
"Niwot Ridge LTER","SDL snowfence",1997,NA,40,"299","WM","NN",0,0,"Forb",2,88.6
"Niwot Ridge LTER","SDL snowfence",1997,NA,40,"299","WM","NN",0,0,"Graminoid",2,95
"Niwot Ridge LTER","SDL snowfence",1997,NA,40,"299","WM","NN",0,0,"Total",2,183.6
"Niwot Ridge LTER","SDL snowfence",1997,NA,41,"393","WM","NP",0,0,"Forb",1,22.9
"Niwot Ridge LTER","SDL snowfence",1997,NA,41,"393","WM","NP",0,0,"Graminoid",1,78
"Niwot Ridge LTER","SDL snowfence",1997,NA,41,"393","WM","NP",0,0,"Total",1,100.9
"Niwot Ridge LTER","SDL snowfence",1997,NA,41,"393","WM","NP",0,0,"Forb",2,33.7
"Niwot Ridge LTER","SDL snowfence",1997,NA,41,"393","WM","NP",0,0,"Graminoid",2,56.3
"Niwot Ridge LTER","SDL snowfence",1997,NA,41,"393","WM","NP",0,0,"Total",2,90
"Niwot Ridge LTER","SDL snowfence",1997,NA,42,"274","WM","NP",0,0,"Forb",1,16.3
"Niwot Ridge LTER","SDL snowfence",1997,NA,42,"274","WM","NP",0,0,"Graminoid",1,138.9
"Niwot Ridge LTER","SDL snowfence",1997,NA,42,"274","WM","NP",0,0,"Total",1,155.2
"Niwot Ridge LTER","SDL snowfence",1997,NA,42,"274","WM","NP",0,0,"Forb",2,5.3
"Niwot Ridge LTER","SDL snowfence",1997,NA,42,"274","WM","NP",0,0,"Graminoid",2,105.9
"Niwot Ridge LTER","SDL snowfence",1997,NA,42,"274","WM","NP",0,0,"Total",2,111.2
"Niwot Ridge LTER","SDL snowfence",1997,NA,43,"392","WM","NP",0,0,"Forb",1,42
"Niwot Ridge LTER","SDL snowfence",1997,NA,43,"392","WM","NP",0,0,"Graminoid",1,76.7
"Niwot Ridge LTER","SDL snowfence",1997,NA,43,"392","WM","NP",0,0,"Total",1,118.7
"Niwot Ridge LTER","SDL snowfence",1997,NA,43,"392","WM","NP",0,0,"Forb",2,35.8
"Niwot Ridge LTER","SDL snowfence",1997,NA,43,"392","WM","NP",0,0,"Graminoid",2,82.4
"Niwot Ridge LTER","SDL snowfence",1997,NA,43,"392","WM","NP",0,0,"Total",2,118.2
"Niwot Ridge LTER","SDL snowfence",1997,NA,44,"272","WM","NP",0,0,"Forb",1,5.7
"Niwot Ridge LTER","SDL snowfence",1997,NA,44,"272","WM","NP",0,0,"Graminoid",1,140.2
"Niwot Ridge LTER","SDL snowfence",1997,NA,44,"272","WM","NP",0,0,"Total",1,145.9
"Niwot Ridge LTER","SDL snowfence",1997,NA,44,"272","WM","NP",0,0,"Forb",2,2
"Niwot Ridge LTER","SDL snowfence",1997,NA,44,"272","WM","NP",0,0,"Graminoid",2,53
"Niwot Ridge LTER","SDL snowfence",1997,NA,44,"272","WM","NP",0,0,"Total",2,55
"Niwot Ridge LTER","SDL snowfence",1997,NA,45,"270","WM","PP",0,0,"Forb",1,131
"Niwot Ridge LTER","SDL snowfence",1997,NA,45,"270","WM","PP",0,0,"Graminoid",1,55.5
"Niwot Ridge LTER","SDL snowfence",1997,NA,45,"270","WM","PP",0,0,"Total",1,186.5
"Niwot Ridge LTER","SDL snowfence",1997,NA,45,"270","WM","PP",0,0,"Forb",2,67.3
"Niwot Ridge LTER","SDL snowfence",1997,NA,45,"270","WM","PP",0,0,"Graminoid",2,30.5
"Niwot Ridge LTER","SDL snowfence",1997,NA,45,"270","WM","PP",0,0,"Total",2,97.8
"Niwot Ridge LTER","SDL snowfence",1997,NA,46,"275","WM","PP",0,0,"Forb",1,53.6
"Niwot Ridge LTER","SDL snowfence",1997,NA,46,"275","WM","PP",0,0,"Graminoid",1,1.4
"Niwot Ridge LTER","SDL snowfence",1997,NA,46,"275","WM","PP",0,0,"Total",1,55
"Niwot Ridge LTER","SDL snowfence",1997,NA,46,"275","WM","PP",0,0,"Forb",2,79.2
"Niwot Ridge LTER","SDL snowfence",1997,NA,46,"275","WM","PP",0,0,"Graminoid",2,2.2
"Niwot Ridge LTER","SDL snowfence",1997,NA,46,"275","WM","PP",0,0,"Total",2,81.4
"Niwot Ridge LTER","SDL snowfence",1997,NA,47,"277","WM","PP",0,0,"Forb",1,44.8
"Niwot Ridge LTER","SDL snowfence",1997,NA,47,"277","WM","PP",0,0,"Graminoid",1,46.6
"Niwot Ridge LTER","SDL snowfence",1997,NA,47,"277","WM","PP",0,0,"Total",1,91.4
"Niwot Ridge LTER","SDL snowfence",1997,NA,47,"277","WM","PP",0,0,"Forb",2,107.3
"Niwot Ridge LTER","SDL snowfence",1997,NA,47,"277","WM","PP",0,0,"Graminoid",2,16.5
"Niwot Ridge LTER","SDL snowfence",1997,NA,47,"277","WM","PP",0,0,"Total",2,123.8
"Niwot Ridge LTER","SDL snowfence",1997,NA,48,"276","WM","PP",0,0,"Forb",1,40.9
"Niwot Ridge LTER","SDL snowfence",1997,NA,48,"276","WM","PP",0,0,"Graminoid",1,161.1
"Niwot Ridge LTER","SDL snowfence",1997,NA,48,"276","WM","PP",0,0,"Total",1,202
"Niwot Ridge LTER","SDL snowfence",1997,NA,48,"276","WM","PP",0,0,"Forb",2,51.2
"Niwot Ridge LTER","SDL snowfence",1997,NA,48,"276","WM","PP",0,0,"Graminoid",2,80.7
"Niwot Ridge LTER","SDL snowfence",1997,NA,48,"276","WM","PP",0,0,"Total",2,131.9
"Niwot Ridge LTER","SDL snowfence",1997,NA,49,"888","DM","CC",1,0,"Forb",1,41.8
"Niwot Ridge LTER","SDL snowfence",1997,NA,49,"888","DM","CC",1,0,"Graminoid",1,4.7
"Niwot Ridge LTER","SDL snowfence",1997,NA,49,"888","DM","CC",1,0,"Total",1,46.5
"Niwot Ridge LTER","SDL snowfence",1997,NA,49,"888","DM","CC",1,0,"Forb",2,44.8
"Niwot Ridge LTER","SDL snowfence",1997,NA,49,"888","DM","CC",1,0,"Graminoid",2,6.5
"Niwot Ridge LTER","SDL snowfence",1997,NA,49,"888","DM","CC",1,0,"Total",2,51.3
"Niwot Ridge LTER","SDL snowfence",1997,NA,50,"889","DM","CC",1,0,"Forb",1,63
"Niwot Ridge LTER","SDL snowfence",1997,NA,50,"889","DM","CC",1,0,"Graminoid",1,90.7
"Niwot Ridge LTER","SDL snowfence",1997,NA,50,"889","DM","CC",1,0,"Total",1,153.7
"Niwot Ridge LTER","SDL snowfence",1997,NA,50,"889","DM","CC",1,0,"Forb",2,31.6
"Niwot Ridge LTER","SDL snowfence",1997,NA,50,"889","DM","CC",1,0,"Graminoid",2,17.5
"Niwot Ridge LTER","SDL snowfence",1997,NA,50,"889","DM","CC",1,0,"Total",2,49.1
"Niwot Ridge LTER","SDL snowfence",1997,NA,51,"890","DM","CC",1,0,"Forb",1,28.1
"Niwot Ridge LTER","SDL snowfence",1997,NA,51,"890","DM","CC",1,0,"Graminoid",1,6.1
"Niwot Ridge LTER","SDL snowfence",1997,NA,51,"890","DM","CC",1,0,"Total",1,34.2
"Niwot Ridge LTER","SDL snowfence",1997,NA,51,"890","DM","CC",1,0,"Forb",2,75.9
"Niwot Ridge LTER","SDL snowfence",1997,NA,51,"890","DM","CC",1,0,"Graminoid",2,15.7
"Niwot Ridge LTER","SDL snowfence",1997,NA,51,"890","DM","CC",1,0,"Total",2,91.6
"Niwot Ridge LTER","SDL snowfence",1997,NA,52,"891","DM","CC",1,0,"Forb",1,86.1
"Niwot Ridge LTER","SDL snowfence",1997,NA,52,"891","DM","CC",1,0,"Graminoid",1,0
"Niwot Ridge LTER","SDL snowfence",1997,NA,52,"891","DM","CC",1,0,"Total",1,86.1
"Niwot Ridge LTER","SDL snowfence",1997,NA,52,"891","DM","CC",1,0,"Forb",2,63
"Niwot Ridge LTER","SDL snowfence",1997,NA,52,"891","DM","CC",1,0,"Graminoid",2,25
"Niwot Ridge LTER","SDL snowfence",1997,NA,52,"891","DM","CC",1,0,"Total",2,88
"Niwot Ridge LTER","SDL snowfence",1997,NA,53,"417","DM","NN",1,0,"Forb",1,26.3
"Niwot Ridge LTER","SDL snowfence",1997,NA,53,"417","DM","NN",1,0,"Graminoid",1,45.4
"Niwot Ridge LTER","SDL snowfence",1997,NA,53,"417","DM","NN",1,0,"Total",1,71.7
"Niwot Ridge LTER","SDL snowfence",1997,NA,53,"417","DM","NN",1,0,"Forb",2,83.1
"Niwot Ridge LTER","SDL snowfence",1997,NA,53,"417","DM","NN",1,0,"Graminoid",2,98.3
"Niwot Ridge LTER","SDL snowfence",1997,NA,53,"417","DM","NN",1,0,"Total",2,181.4
"Niwot Ridge LTER","SDL snowfence",1997,NA,54,"415","DM","NN",1,0,"Forb",1,60.1
"Niwot Ridge LTER","SDL snowfence",1997,NA,54,"415","DM","NN",1,0,"Graminoid",1,40.1
"Niwot Ridge LTER","SDL snowfence",1997,NA,54,"415","DM","NN",1,0,"Total",1,100.2
"Niwot Ridge LTER","SDL snowfence",1997,NA,54,"415","DM","NN",1,0,"Forb",2,22
"Niwot Ridge LTER","SDL snowfence",1997,NA,54,"415","DM","NN",1,0,"Graminoid",2,46.1
"Niwot Ridge LTER","SDL snowfence",1997,NA,54,"415","DM","NN",1,0,"Total",2,68.1
"Niwot Ridge LTER","SDL snowfence",1997,NA,55,"864","DM","NN",1,0,"Forb",1,73.1
"Niwot Ridge LTER","SDL snowfence",1997,NA,55,"864","DM","NN",1,0,"Graminoid",1,3.1
"Niwot Ridge LTER","SDL snowfence",1997,NA,55,"864","DM","NN",1,0,"Total",1,76.2
"Niwot Ridge LTER","SDL snowfence",1997,NA,55,"864","DM","NN",1,0,"Forb",2,62.2
"Niwot Ridge LTER","SDL snowfence",1997,NA,55,"864","DM","NN",1,0,"Graminoid",2,0
"Niwot Ridge LTER","SDL snowfence",1997,NA,55,"864","DM","NN",1,0,"Total",2,62.2
"Niwot Ridge LTER","SDL snowfence",1997,NA,56,"413","DM","NN",1,0,"Forb",1,38.7
"Niwot Ridge LTER","SDL snowfence",1997,NA,56,"413","DM","NN",1,0,"Graminoid",1,0
"Niwot Ridge LTER","SDL snowfence",1997,NA,56,"413","DM","NN",1,0,"Total",1,38.7
"Niwot Ridge LTER","SDL snowfence",1997,NA,56,"413","DM","NN",1,0,"Forb",2,30.9
"Niwot Ridge LTER","SDL snowfence",1997,NA,56,"413","DM","NN",1,0,"Graminoid",2,0
"Niwot Ridge LTER","SDL snowfence",1997,NA,56,"413","DM","NN",1,0,"Total",2,30.9
"Niwot Ridge LTER","SDL snowfence",1997,NA,57,"868","DM","NP",1,0,"Forb",1,88.3
"Niwot Ridge LTER","SDL snowfence",1997,NA,57,"868","DM","NP",1,0,"Graminoid",1,132.5
"Niwot Ridge LTER","SDL snowfence",1997,NA,57,"868","DM","NP",1,0,"Total",1,220.8
"Niwot Ridge LTER","SDL snowfence",1997,NA,57,"868","DM","NP",1,0,"Forb",2,165.5
"Niwot Ridge LTER","SDL snowfence",1997,NA,57,"868","DM","NP",1,0,"Graminoid",2,32
"Niwot Ridge LTER","SDL snowfence",1997,NA,57,"868","DM","NP",1,0,"Total",2,197.5
"Niwot Ridge LTER","SDL snowfence",1997,NA,58,"894","DM","NP",1,0,"Forb",1,158.5
"Niwot Ridge LTER","SDL snowfence",1997,NA,58,"894","DM","NP",1,0,"Graminoid",1,0
"Niwot Ridge LTER","SDL snowfence",1997,NA,58,"894","DM","NP",1,0,"Total",1,158.5
"Niwot Ridge LTER","SDL snowfence",1997,NA,58,"894","DM","NP",1,0,"Forb",2,178.4
"Niwot Ridge LTER","SDL snowfence",1997,NA,58,"894","DM","NP",1,0,"Graminoid",2,18.1
"Niwot Ridge LTER","SDL snowfence",1997,NA,58,"894","DM","NP",1,0,"Total",2,196.5
"Niwot Ridge LTER","SDL snowfence",1997,NA,59,"866","DM","NP",1,0,"Forb",1,162.7
"Niwot Ridge LTER","SDL snowfence",1997,NA,59,"866","DM","NP",1,0,"Graminoid",1,4.2
"Niwot Ridge LTER","SDL snowfence",1997,NA,59,"866","DM","NP",1,0,"Total",1,166.9
"Niwot Ridge LTER","SDL snowfence",1997,NA,59,"866","DM","NP",1,0,"Forb",2,80.4
"Niwot Ridge LTER","SDL snowfence",1997,NA,59,"866","DM","NP",1,0,"Graminoid",2,0.9
"Niwot Ridge LTER","SDL snowfence",1997,NA,59,"866","DM","NP",1,0,"Total",2,81.3
"Niwot Ridge LTER","SDL snowfence",1997,NA,60,"869","DM","NP",1,0,"Forb",1,29.6
"Niwot Ridge LTER","SDL snowfence",1997,NA,60,"869","DM","NP",1,0,"Graminoid",1,38.9
"Niwot Ridge LTER","SDL snowfence",1997,NA,60,"869","DM","NP",1,0,"Total",1,68.5
"Niwot Ridge LTER","SDL snowfence",1997,NA,60,"869","DM","NP",1,0,"Forb",2,92.1
"Niwot Ridge LTER","SDL snowfence",1997,NA,60,"869","DM","NP",1,0,"Graminoid",2,103.8
"Niwot Ridge LTER","SDL snowfence",1997,NA,60,"869","DM","NP",1,0,"Total",2,195.9
"Niwot Ridge LTER","SDL snowfence",1997,NA,61,"400","DM","PP",1,0,"Forb",1,83.5
"Niwot Ridge LTER","SDL snowfence",1997,NA,61,"400","DM","PP",1,0,"Graminoid",1,37.3
"Niwot Ridge LTER","SDL snowfence",1997,NA,61,"400","DM","PP",1,0,"Total",1,120.8
"Niwot Ridge LTER","SDL snowfence",1997,NA,61,"400","DM","PP",1,0,"Forb",2,122.4
"Niwot Ridge LTER","SDL snowfence",1997,NA,61,"400","DM","PP",1,0,"Graminoid",2,5.2
"Niwot Ridge LTER","SDL snowfence",1997,NA,61,"400","DM","PP",1,0,"Total",2,127.6
"Niwot Ridge LTER","SDL snowfence",1997,NA,62,"416","DM","PP",1,0,"Forb",1,93.9
"Niwot Ridge LTER","SDL snowfence",1997,NA,62,"416","DM","PP",1,0,"Graminoid",1,46.2
"Niwot Ridge LTER","SDL snowfence",1997,NA,62,"416","DM","PP",1,0,"Total",1,140.1
"Niwot Ridge LTER","SDL snowfence",1997,NA,62,"416","DM","PP",1,0,"Forb",2,87.9
"Niwot Ridge LTER","SDL snowfence",1997,NA,62,"416","DM","PP",1,0,"Graminoid",2,16.6
"Niwot Ridge LTER","SDL snowfence",1997,NA,62,"416","DM","PP",1,0,"Total",2,104.5
"Niwot Ridge LTER","SDL snowfence",1997,NA,63,"414","DM","PP",1,0,"Forb",1,102.4
"Niwot Ridge LTER","SDL snowfence",1997,NA,63,"414","DM","PP",1,0,"Graminoid",1,35.1
"Niwot Ridge LTER","SDL snowfence",1997,NA,63,"414","DM","PP",1,0,"Total",1,137.5
"Niwot Ridge LTER","SDL snowfence",1997,NA,63,"414","DM","PP",1,0,"Forb",2,78.5
"Niwot Ridge LTER","SDL snowfence",1997,NA,63,"414","DM","PP",1,0,"Graminoid",2,8.4
"Niwot Ridge LTER","SDL snowfence",1997,NA,63,"414","DM","PP",1,0,"Total",2,86.9
"Niwot Ridge LTER","SDL snowfence",1997,NA,64,"412","DM","PP",1,0,"Forb",1,20.9
"Niwot Ridge LTER","SDL snowfence",1997,NA,64,"412","DM","PP",1,0,"Graminoid",1,32.6
"Niwot Ridge LTER","SDL snowfence",1997,NA,64,"412","DM","PP",1,0,"Total",1,53.5
"Niwot Ridge LTER","SDL snowfence",1997,NA,64,"412","DM","PP",1,0,"Forb",2,38.3
"Niwot Ridge LTER","SDL snowfence",1997,NA,64,"412","DM","PP",1,0,"Graminoid",2,0.2
"Niwot Ridge LTER","SDL snowfence",1997,NA,64,"412","DM","PP",1,0,"Total",2,38.5
"Niwot Ridge LTER","SDL snowfence",1997,NA,65,"885","MM","CC",1,0,"Forb",1,118.5
"Niwot Ridge LTER","SDL snowfence",1997,NA,65,"885","MM","CC",1,0,"Graminoid",1,21.3
"Niwot Ridge LTER","SDL snowfence",1997,NA,65,"885","MM","CC",1,0,"Total",1,139.8
"Niwot Ridge LTER","SDL snowfence",1997,NA,65,"885","MM","CC",1,0,"Forb",2,79.6
"Niwot Ridge LTER","SDL snowfence",1997,NA,65,"885","MM","CC",1,0,"Graminoid",2,3.2
"Niwot Ridge LTER","SDL snowfence",1997,NA,65,"885","MM","CC",1,0,"Total",2,82.8
"Niwot Ridge LTER","SDL snowfence",1997,NA,66,"883","MM","CC",1,0,"Forb",1,82.3
"Niwot Ridge LTER","SDL snowfence",1997,NA,66,"883","MM","CC",1,0,"Graminoid",1,3.6
"Niwot Ridge LTER","SDL snowfence",1997,NA,66,"883","MM","CC",1,0,"Total",1,85.9
"Niwot Ridge LTER","SDL snowfence",1997,NA,66,"883","MM","CC",1,0,"Forb",2,49.5
"Niwot Ridge LTER","SDL snowfence",1997,NA,66,"883","MM","CC",1,0,"Graminoid",2,2.9
"Niwot Ridge LTER","SDL snowfence",1997,NA,66,"883","MM","CC",1,0,"Total",2,52.4
"Niwot Ridge LTER","SDL snowfence",1997,NA,67,"882","MM","CC",1,0,"Forb",1,92.4
"Niwot Ridge LTER","SDL snowfence",1997,NA,67,"882","MM","CC",1,0,"Graminoid",1,4.3
"Niwot Ridge LTER","SDL snowfence",1997,NA,67,"882","MM","CC",1,0,"Total",1,96.7
"Niwot Ridge LTER","SDL snowfence",1997,NA,67,"882","MM","CC",1,0,"Forb",2,71.3
"Niwot Ridge LTER","SDL snowfence",1997,NA,67,"882","MM","CC",1,0,"Graminoid",2,4.8
"Niwot Ridge LTER","SDL snowfence",1997,NA,67,"882","MM","CC",1,0,"Total",2,76.1
"Niwot Ridge LTER","SDL snowfence",1997,NA,68,"887","MM","CC",1,0,"Forb",1,87.7
"Niwot Ridge LTER","SDL snowfence",1997,NA,68,"887","MM","CC",1,0,"Graminoid",1,1
"Niwot Ridge LTER","SDL snowfence",1997,NA,68,"887","MM","CC",1,0,"Total",1,88.7
"Niwot Ridge LTER","SDL snowfence",1997,NA,68,"887","MM","CC",1,0,"Forb",2,0
"Niwot Ridge LTER","SDL snowfence",1997,NA,68,"887","MM","CC",1,0,"Graminoid",2,119
"Niwot Ridge LTER","SDL snowfence",1997,NA,68,"887","MM","CC",1,0,"Total",2,119
"Niwot Ridge LTER","SDL snowfence",1997,NA,69,"875","MM","NN",1,0,"Forb",1,39.2
"Niwot Ridge LTER","SDL snowfence",1997,NA,69,"875","MM","NN",1,0,"Graminoid",1,11.4
"Niwot Ridge LTER","SDL snowfence",1997,NA,69,"875","MM","NN",1,0,"Total",1,50.6
"Niwot Ridge LTER","SDL snowfence",1997,NA,69,"875","MM","NN",1,0,"Forb",2,52
"Niwot Ridge LTER","SDL snowfence",1997,NA,69,"875","MM","NN",1,0,"Graminoid",2,28.8
"Niwot Ridge LTER","SDL snowfence",1997,NA,69,"875","MM","NN",1,0,"Total",2,80.8
"Niwot Ridge LTER","SDL snowfence",1997,NA,70,"884","MM","NN",1,0,"Forb",1,71
"Niwot Ridge LTER","SDL snowfence",1997,NA,70,"884","MM","NN",1,0,"Graminoid",1,62.2
"Niwot Ridge LTER","SDL snowfence",1997,NA,70,"884","MM","NN",1,0,"Total",1,133.2
"Niwot Ridge LTER","SDL snowfence",1997,NA,70,"884","MM","NN",1,0,"Forb",2,40
"Niwot Ridge LTER","SDL snowfence",1997,NA,70,"884","MM","NN",1,0,"Graminoid",2,45.8
"Niwot Ridge LTER","SDL snowfence",1997,NA,70,"884","MM","NN",1,0,"Total",2,85.8
"Niwot Ridge LTER","SDL snowfence",1997,NA,72,"880","MM","NN",1,0,"Forb",1,27.1
"Niwot Ridge LTER","SDL snowfence",1997,NA,72,"880","MM","NN",1,0,"Graminoid",1,76.4
"Niwot Ridge LTER","SDL snowfence",1997,NA,72,"880","MM","NN",1,0,"Total",1,103.5
"Niwot Ridge LTER","SDL snowfence",1997,NA,72,"880","MM","NN",1,0,"Forb",2,77.1
"Niwot Ridge LTER","SDL snowfence",1997,NA,72,"880","MM","NN",1,0,"Graminoid",2,56.5
"Niwot Ridge LTER","SDL snowfence",1997,NA,72,"880","MM","NN",1,0,"Total",2,133.6
"Niwot Ridge LTER","SDL snowfence",1997,NA,73,"877","MM","NP",1,0,"Forb",1,60.3
"Niwot Ridge LTER","SDL snowfence",1997,NA,73,"877","MM","NP",1,0,"Graminoid",1,19.1
"Niwot Ridge LTER","SDL snowfence",1997,NA,73,"877","MM","NP",1,0,"Total",1,79.4
"Niwot Ridge LTER","SDL snowfence",1997,NA,73,"877","MM","NP",1,0,"Forb",2,12.6
"Niwot Ridge LTER","SDL snowfence",1997,NA,73,"877","MM","NP",1,0,"Graminoid",2,30.8
"Niwot Ridge LTER","SDL snowfence",1997,NA,73,"877","MM","NP",1,0,"Total",2,43.4
"Niwot Ridge LTER","SDL snowfence",1997,NA,74,"873","MM","NP",1,0,"Forb",1,92.8
"Niwot Ridge LTER","SDL snowfence",1997,NA,74,"873","MM","NP",1,0,"Graminoid",1,132.9
"Niwot Ridge LTER","SDL snowfence",1997,NA,74,"873","MM","NP",1,0,"Total",1,225.7
"Niwot Ridge LTER","SDL snowfence",1997,NA,74,"873","MM","NP",1,0,"Forb",2,114.7
"Niwot Ridge LTER","SDL snowfence",1997,NA,74,"873","MM","NP",1,0,"Graminoid",2,23.9
"Niwot Ridge LTER","SDL snowfence",1997,NA,74,"873","MM","NP",1,0,"Total",2,138.6
"Niwot Ridge LTER","SDL snowfence",1997,NA,75,"871","MM","NP",1,0,"Forb",1,103.1
"Niwot Ridge LTER","SDL snowfence",1997,NA,75,"871","MM","NP",1,0,"Graminoid",1,121.9
"Niwot Ridge LTER","SDL snowfence",1997,NA,75,"871","MM","NP",1,0,"Total",1,225
"Niwot Ridge LTER","SDL snowfence",1997,NA,75,"871","MM","NP",1,0,"Forb",2,119.4
"Niwot Ridge LTER","SDL snowfence",1997,NA,75,"871","MM","NP",1,0,"Graminoid",2,25.6
"Niwot Ridge LTER","SDL snowfence",1997,NA,75,"871","MM","NP",1,0,"Total",2,145
"Niwot Ridge LTER","SDL snowfence",1997,NA,76,"886","MM","NP",1,0,"Forb",1,101.4
"Niwot Ridge LTER","SDL snowfence",1997,NA,76,"886","MM","NP",1,0,"Graminoid",1,35.3
"Niwot Ridge LTER","SDL snowfence",1997,NA,76,"886","MM","NP",1,0,"Total",1,136.7
"Niwot Ridge LTER","SDL snowfence",1997,NA,76,"886","MM","NP",1,0,"Forb",2,45.6
"Niwot Ridge LTER","SDL snowfence",1997,NA,76,"886","MM","NP",1,0,"Graminoid",2,19.5
"Niwot Ridge LTER","SDL snowfence",1997,NA,76,"886","MM","NP",1,0,"Total",2,65.1
"Niwot Ridge LTER","SDL snowfence",1997,NA,77,"420","MM","PP",1,0,"Forb",1,149
"Niwot Ridge LTER","SDL snowfence",1997,NA,77,"420","MM","PP",1,0,"Graminoid",1,85.8
"Niwot Ridge LTER","SDL snowfence",1997,NA,77,"420","MM","PP",1,0,"Total",1,234.8
"Niwot Ridge LTER","SDL snowfence",1997,NA,77,"420","MM","PP",1,0,"Forb",2,82.2
"Niwot Ridge LTER","SDL snowfence",1997,NA,77,"420","MM","PP",1,0,"Graminoid",2,8
"Niwot Ridge LTER","SDL snowfence",1997,NA,77,"420","MM","PP",1,0,"Total",2,90.2
"Niwot Ridge LTER","SDL snowfence",1997,NA,78,"418","MM","PP",1,0,"Forb",1,123.2
"Niwot Ridge LTER","SDL snowfence",1997,NA,78,"418","MM","PP",1,0,"Graminoid",1,34
"Niwot Ridge LTER","SDL snowfence",1997,NA,78,"418","MM","PP",1,0,"Total",1,157.2
"Niwot Ridge LTER","SDL snowfence",1997,NA,78,"418","MM","PP",1,0,"Forb",2,113.6
"Niwot Ridge LTER","SDL snowfence",1997,NA,78,"418","MM","PP",1,0,"Graminoid",2,1.6
"Niwot Ridge LTER","SDL snowfence",1997,NA,78,"418","MM","PP",1,0,"Total",2,115.2
"Niwot Ridge LTER","SDL snowfence",1997,NA,79,"872","MM","PP",1,0,"Forb",1,49.7
"Niwot Ridge LTER","SDL snowfence",1997,NA,79,"872","MM","PP",1,0,"Graminoid",1,26.6
"Niwot Ridge LTER","SDL snowfence",1997,NA,79,"872","MM","PP",1,0,"Total",1,76.3
"Niwot Ridge LTER","SDL snowfence",1997,NA,79,"872","MM","PP",1,0,"Forb",2,116.7
"Niwot Ridge LTER","SDL snowfence",1997,NA,79,"872","MM","PP",1,0,"Graminoid",2,6
"Niwot Ridge LTER","SDL snowfence",1997,NA,79,"872","MM","PP",1,0,"Total",2,122.7
"Niwot Ridge LTER","SDL snowfence",1997,NA,80,"881","MM","PP",1,0,"Forb",1,79.6
"Niwot Ridge LTER","SDL snowfence",1997,NA,80,"881","MM","PP",1,0,"Graminoid",1,6.6
"Niwot Ridge LTER","SDL snowfence",1997,NA,80,"881","MM","PP",1,0,"Total",1,86.2
"Niwot Ridge LTER","SDL snowfence",1997,NA,80,"881","MM","PP",1,0,"Forb",2,108.8
"Niwot Ridge LTER","SDL snowfence",1997,NA,80,"881","MM","PP",1,0,"Graminoid",2,6.3
"Niwot Ridge LTER","SDL snowfence",1997,NA,80,"881","MM","PP",1,0,"Total",2,115.1
"Niwot Ridge LTER","SDL snowfence",2014,"2014-08-11",1,"710","DM","CC",0,0,"Forb",1,71
"Niwot Ridge LTER","SDL snowfence",2014,"2014-08-11",1,"710","DM","CC",0,0,"Graminoid",1,111.51
"Niwot Ridge LTER","SDL snowfence",2014,"2014-08-11",1,"710","DM","CC",0,0,"Total",1,182.51
"Niwot Ridge LTER","SDL snowfence",2014,"2014-07-31",2,"712","DM","CC",0,0,"Forb",1,125.99
"Niwot Ridge LTER","SDL snowfence",2014,"2014-07-31",2,"712","DM","CC",0,0,"Graminoid",1,121.28
"Niwot Ridge LTER","SDL snowfence",2014,"2014-07-31",2,"712","DM","CC",0,0,"Total",1,247.27
"Niwot Ridge LTER","SDL snowfence",2014,"2014-07-31",3,"709","DM","CC",0,0,"Forb",1,55
"Niwot Ridge LTER","SDL snowfence",2014,"2014-07-31",3,"709","DM","CC",0,0,"Graminoid",1,137.16
"Niwot Ridge LTER","SDL snowfence",2014,"2014-07-31",3,"709","DM","CC",0,0,"Total",1,192.16
"Niwot Ridge LTER","SDL snowfence",2014,"2014-07-31",4,"711","DM","CC",0,0,"Forb",1,227.5
"Niwot Ridge LTER","SDL snowfence",2014,"2014-07-31",4,"711","DM","CC",0,0,"Graminoid",1,0
"Niwot Ridge LTER","SDL snowfence",2014,"2014-07-31",4,"711","DM","CC",0,0,"Total",1,227.5
"Niwot Ridge LTER","SDL snowfence",2014,"2014-08-11",5,"262","DM","NN",0,0,"Forb",1,44.95
"Niwot Ridge LTER","SDL snowfence",2014,"2014-08-11",5,"262","DM","NN",0,0,"Graminoid",1,85.19
"Niwot Ridge LTER","SDL snowfence",2014,"2014-08-11",5,"262","DM","NN",0,0,"Total",1,130.14
"Niwot Ridge LTER","SDL snowfence",2014,"2014-08-11",6,"409","DM","NN",0,0,"Forb",1,76.46
"Niwot Ridge LTER","SDL snowfence",2014,"2014-08-11",6,"409","DM","NN",0,0,"Graminoid",1,64.05
"Niwot Ridge LTER","SDL snowfence",2014,"2014-08-11",6,"409","DM","NN",0,0,"Total",1,140.51
"Niwot Ridge LTER","SDL snowfence",2014,"2014-08-11",7,"292","DM","NN",0,0,"Forb",1,56.63
"Niwot Ridge LTER","SDL snowfence",2014,"2014-08-11",7,"292","DM","NN",0,0,"Graminoid",1,93.19
"Niwot Ridge LTER","SDL snowfence",2014,"2014-08-11",7,"292","DM","NN",0,0,"Total",1,149.82
"Niwot Ridge LTER","SDL snowfence",2014,"2014-07-31",8,"99","DM","NN",0,0,"Forb",1,57.33
"Niwot Ridge LTER","SDL snowfence",2014,"2014-07-31",8,"99","DM","NN",0,0,"Graminoid",1,77.15
"Niwot Ridge LTER","SDL snowfence",2014,"2014-07-31",8,"99","DM","NN",0,0,"Total",1,134.48
"Niwot Ridge LTER","SDL snowfence",2014,"2014-08-11",9,"408","DM","NP",0,0,"Forb",1,182.87
"Niwot Ridge LTER","SDL snowfence",2014,"2014-08-11",9,"408","DM","NP",0,0,"Graminoid",1,93.68
"Niwot Ridge LTER","SDL snowfence",2014,"2014-08-11",9,"408","DM","NP",0,0,"Total",1,276.55
"Niwot Ridge LTER","SDL snowfence",2014,"2014-07-31",10,"290","DM","NP",0,0,"Forb",1,305.17
"Niwot Ridge LTER","SDL snowfence",2014,"2014-07-31",10,"290","DM","NP",0,0,"Graminoid",1,114.88
"Niwot Ridge LTER","SDL snowfence",2014,"2014-07-31",10,"290","DM","NP",0,0,"Total",1,420.05
"Niwot Ridge LTER","SDL snowfence",2014,"2014-08-11",11,"410","DM","NP",0,0,"Forb",1,83.7
"Niwot Ridge LTER","SDL snowfence",2014,"2014-08-11",11,"410","DM","NP",0,0,"Graminoid",1,74.31
"Niwot Ridge LTER","SDL snowfence",2014,"2014-08-11",11,"410","DM","NP",0,0,"Total",1,158.01
"Niwot Ridge LTER","SDL snowfence",2014,"2014-07-31",12,"261","DM","NP",0,0,"Forb",1,321.07
"Niwot Ridge LTER","SDL snowfence",2014,"2014-07-31",12,"261","DM","NP",0,0,"Graminoid",1,0
"Niwot Ridge LTER","SDL snowfence",2014,"2014-07-31",12,"261","DM","NP",0,0,"Total",1,321.07
"Niwot Ridge LTER","SDL snowfence",2014,"2014-07-31",13,"411","DM","PP",0,0,"Forb",1,152.36
"Niwot Ridge LTER","SDL snowfence",2014,"2014-07-31",13,"411","DM","PP",0,0,"Graminoid",1,89.77
"Niwot Ridge LTER","SDL snowfence",2014,"2014-07-31",13,"411","DM","PP",0,0,"Total",1,242.13
"Niwot Ridge LTER","SDL snowfence",2014,"2014-08-11",14,"287","DM","PP",0,0,"Forb",1,82.7
"Niwot Ridge LTER","SDL snowfence",2014,"2014-08-11",14,"287","DM","PP",0,0,"Graminoid",1,77.55
"Niwot Ridge LTER","SDL snowfence",2014,"2014-08-11",14,"287","DM","PP",0,0,"Total",1,160.25
"Niwot Ridge LTER","SDL snowfence",2014,"2014-07-31",15,"289","DM","PP",0,0,"Forb",1,140.08
"Niwot Ridge LTER","SDL snowfence",2014,"2014-07-31",15,"289","DM","PP",0,0,"Graminoid",1,49.71
"Niwot Ridge LTER","SDL snowfence",2014,"2014-07-31",15,"289","DM","PP",0,0,"Total",1,189.79
"Niwot Ridge LTER","SDL snowfence",2014,"2014-07-31",16,"407","DM","PP",0,0,"Forb",1,28.24
"Niwot Ridge LTER","SDL snowfence",2014,"2014-07-31",16,"407","DM","PP",0,0,"Graminoid",1,127.74
"Niwot Ridge LTER","SDL snowfence",2014,"2014-07-31",16,"407","DM","PP",0,0,"Total",1,155.98
"Niwot Ridge LTER","SDL snowfence",2014,"2014-08-18",17,"870","MM","CC",0,0,"Forb",1,113.29
"Niwot Ridge LTER","SDL snowfence",2014,"2014-08-18",17,"870","MM","CC",0,0,"Graminoid",1,33.01
"Niwot Ridge LTER","SDL snowfence",2014,"2014-08-18",17,"870","MM","CC",0,0,"Total",1,146.3
"Niwot Ridge LTER","SDL snowfence",2014,NA,18,"268","MM","CC",0,0,"Forb",1,188.1
"Niwot Ridge LTER","SDL snowfence",2014,NA,18,"268","MM","CC",0,0,"Graminoid",1,8.45
"Niwot Ridge LTER","SDL snowfence",2014,NA,18,"268","MM","CC",0,0,"Total",1,196.55
"Niwot Ridge LTER","SDL snowfence",2014,"2014-08-18",19,"267","MM","CC",0,0,"Forb",1,180.75
"Niwot Ridge LTER","SDL snowfence",2014,"2014-08-18",19,"267","MM","CC",0,0,"Graminoid",1,18.56
"Niwot Ridge LTER","SDL snowfence",2014,"2014-08-18",19,"267","MM","CC",0,0,"Total",1,199.31
"Niwot Ridge LTER","SDL snowfence",2014,"2014-09-07",20,"266","MM","CC",0,0,"Forb",1,100.24
"Niwot Ridge LTER","SDL snowfence",2014,"2014-09-07",20,"266","MM","CC",0,0,"Graminoid",1,101.38
"Niwot Ridge LTER","SDL snowfence",2014,"2014-09-07",20,"266","MM","CC",0,0,"Total",1,201.62
"Niwot Ridge LTER","SDL snowfence",2014,NA,21,"294","MM","NN",0,0,"Forb",1,209.27
"Niwot Ridge LTER","SDL snowfence",2014,NA,21,"294","MM","NN",0,0,"Graminoid",1,63.71
"Niwot Ridge LTER","SDL snowfence",2014,NA,21,"294","MM","NN",0,0,"Total",1,272.98
"Niwot Ridge LTER","SDL snowfence",2014,"2014-09-04",22,"295","MM","NN",0,0,"Forb",1,120.25
"Niwot Ridge LTER","SDL snowfence",2014,"2014-09-04",22,"295","MM","NN",0,0,"Graminoid",1,274.86
"Niwot Ridge LTER","SDL snowfence",2014,"2014-09-04",22,"295","MM","NN",0,0,"Total",1,395.11
"Niwot Ridge LTER","SDL snowfence",2014,"2014-09-07",23,"279","MM","NN",0,0,"Forb",1,35.17
"Niwot Ridge LTER","SDL snowfence",2014,"2014-09-07",23,"279","MM","NN",0,0,"Graminoid",1,116.98
"Niwot Ridge LTER","SDL snowfence",2014,"2014-09-07",23,"279","MM","NN",0,0,"Total",1,152.15
"Niwot Ridge LTER","SDL snowfence",2014,NA,24,"264","MM","NN",0,0,"Forb",1,35.4
"Niwot Ridge LTER","SDL snowfence",2014,NA,24,"264","MM","NN",0,0,"Graminoid",1,115.65
"Niwot Ridge LTER","SDL snowfence",2014,NA,24,"264","MM","NN",0,0,"Total",1,151.05
"Niwot Ridge LTER","SDL snowfence",2014,"2014-08-18",25,"298","MM","NP",0,0,"Forb",1,129.3
"Niwot Ridge LTER","SDL snowfence",2014,"2014-08-18",25,"298","MM","NP",0,0,"Graminoid",1,172.65
"Niwot Ridge LTER","SDL snowfence",2014,"2014-08-18",25,"298","MM","NP",0,0,"Total",1,301.95
"Niwot Ridge LTER","SDL snowfence",2014,"2014-08-19",26,"281","MM","NP",0,0,"Forb",1,124.46
"Niwot Ridge LTER","SDL snowfence",2014,"2014-08-19",26,"281","MM","NP",0,0,"Graminoid",1,113.46
"Niwot Ridge LTER","SDL snowfence",2014,"2014-08-19",26,"281","MM","NP",0,0,"Total",1,237.92
"Niwot Ridge LTER","SDL snowfence",2014,NA,27,"403","MM","NP",0,0,"Forb",1,69.75
"Niwot Ridge LTER","SDL snowfence",2014,NA,27,"403","MM","NP",0,0,"Graminoid",1,214.27
"Niwot Ridge LTER","SDL snowfence",2014,NA,27,"403","MM","NP",0,0,"Total",1,284.02
"Niwot Ridge LTER","SDL snowfence",2014,"2014-08-19",28,"293","MM","NP",0,0,"Forb",1,63.15
"Niwot Ridge LTER","SDL snowfence",2014,"2014-08-19",28,"293","MM","NP",0,0,"Graminoid",1,213.08
"Niwot Ridge LTER","SDL snowfence",2014,"2014-08-19",28,"293","MM","NP",0,0,"Total",1,276.23
"Niwot Ridge LTER","SDL snowfence",2014,"2014-08-13",29.5,"397","MM","PP",0,0,"Forb",1,106.78
"Niwot Ridge LTER","SDL snowfence",2014,"2014-08-13",29.5,"397","MM","PP",0,0,"Graminoid",1,7.55
"Niwot Ridge LTER","SDL snowfence",2014,"2014-08-13",29.5,"397","MM","PP",0,0,"Total",1,114.33
"Niwot Ridge LTER","SDL snowfence",2014,"2014-08-19",30,"283","MM","PP",0,0,"Forb",1,73.27
"Niwot Ridge LTER","SDL snowfence",2014,"2014-08-19",30,"283","MM","PP",0,0,"Graminoid",1,45.02
"Niwot Ridge LTER","SDL snowfence",2014,"2014-08-19",30,"283","MM","PP",0,0,"Total",1,118.29
"Niwot Ridge LTER","SDL snowfence",2014,"2014-08-13",31,"280","MM","PP",0,0,"Forb",1,219.89
"Niwot Ridge LTER","SDL snowfence",2014,"2014-08-13",31,"280","MM","PP",0,0,"Graminoid",1,31.22
"Niwot Ridge LTER","SDL snowfence",2014,"2014-08-13",31,"280","MM","PP",0,0,"Total",1,251.11
"Niwot Ridge LTER","SDL snowfence",2014,NA,32,"406","MM","PP",0,0,"Forb",1,97.02
"Niwot Ridge LTER","SDL snowfence",2014,NA,32,"406","MM","PP",0,0,"Graminoid",1,157.48
"Niwot Ridge LTER","SDL snowfence",2014,NA,32,"406","MM","PP",0,0,"Total",1,254.5
"Niwot Ridge LTER","SDL snowfence",2014,"2014-08-19",33,"395","WM","CC",0,0,"Forb",1,104.01
"Niwot Ridge LTER","SDL snowfence",2014,"2014-08-19",33,"395","WM","CC",0,0,"Graminoid",1,40.79
"Niwot Ridge LTER","SDL snowfence",2014,"2014-08-19",33,"395","WM","CC",0,0,"Total",1,144.8
"Niwot Ridge LTER","SDL snowfence",2014,"2014-08-24",34,"394","WM","CC",0,0,"Forb",1,83.03
"Niwot Ridge LTER","SDL snowfence",2014,"2014-08-24",34,"394","WM","CC",0,0,"Graminoid",1,12.78
"Niwot Ridge LTER","SDL snowfence",2014,"2014-08-24",34,"394","WM","CC",0,0,"Total",1,95.81
"Niwot Ridge LTER","SDL snowfence",2014,"2014-08-24",35,"389","WM","CC",0,0,"Forb",1,91.78
"Niwot Ridge LTER","SDL snowfence",2014,"2014-08-24",35,"389","WM","CC",0,0,"Graminoid",1,20.76
"Niwot Ridge LTER","SDL snowfence",2014,"2014-08-24",35,"389","WM","CC",0,0,"Total",1,112.54
"Niwot Ridge LTER","SDL snowfence",2014,"2014-08-24",36,"396","WM","CC",0,0,"Forb",1,53.02
"Niwot Ridge LTER","SDL snowfence",2014,"2014-08-24",36,"396","WM","CC",0,0,"Graminoid",1,16.21
"Niwot Ridge LTER","SDL snowfence",2014,"2014-08-24",36,"396","WM","CC",0,0,"Total",1,69.23
"Niwot Ridge LTER","SDL snowfence",2014,"2014-08-19",37,"269","WM","NN",0,0,"Forb",1,12.64
"Niwot Ridge LTER","SDL snowfence",2014,"2014-08-19",37,"269","WM","NN",0,0,"Graminoid",1,104.27
"Niwot Ridge LTER","SDL snowfence",2014,"2014-08-19",37,"269","WM","NN",0,0,"Total",1,116.91
"Niwot Ridge LTER","SDL snowfence",2014,"2014-08-19",38,"297","WM","NN",0,0,"Forb",1,16.76
"Niwot Ridge LTER","SDL snowfence",2014,"2014-08-19",38,"297","WM","NN",0,0,"Graminoid",1,161.99
"Niwot Ridge LTER","SDL snowfence",2014,"2014-08-19",38,"297","WM","NN",0,0,"Total",1,178.75
"Niwot Ridge LTER","SDL snowfence",2014,"2014-08-19",39,"278","WM","NN",0,0,"Forb",1,108.41
"Niwot Ridge LTER","SDL snowfence",2014,"2014-08-19",39,"278","WM","NN",0,0,"Graminoid",1,61.03
"Niwot Ridge LTER","SDL snowfence",2014,"2014-08-19",39,"278","WM","NN",0,0,"Total",1,169.44
"Niwot Ridge LTER","SDL snowfence",2014,"2014-08-24",40,"299","WM","NN",0,0,"Forb",1,17.97
"Niwot Ridge LTER","SDL snowfence",2014,"2014-08-24",40,"299","WM","NN",0,0,"Graminoid",1,107.22
"Niwot Ridge LTER","SDL snowfence",2014,"2014-08-24",40,"299","WM","NN",0,0,"Total",1,125.19
"Niwot Ridge LTER","SDL snowfence",2014,"2014-08-24",41,"393","WM","NP",0,0,"Forb",1,15.78
"Niwot Ridge LTER","SDL snowfence",2014,"2014-08-24",41,"393","WM","NP",0,0,"Graminoid",1,92.23
"Niwot Ridge LTER","SDL snowfence",2014,"2014-08-24",41,"393","WM","NP",0,0,"Total",1,108.01
"Niwot Ridge LTER","SDL snowfence",2014,"2014-08-19",42,"274","WM","NP",0,0,"Forb",1,0
"Niwot Ridge LTER","SDL snowfence",2014,"2014-08-19",42,"274","WM","NP",0,0,"Graminoid",1,283.39
"Niwot Ridge LTER","SDL snowfence",2014,"2014-08-19",42,"274","WM","NP",0,0,"Total",1,283.39
"Niwot Ridge LTER","SDL snowfence",2014,"2014-08-24",43,"392","WM","NP",0,0,"Forb",1,38.81
"Niwot Ridge LTER","SDL snowfence",2014,"2014-08-24",43,"392","WM","NP",0,0,"Graminoid",1,170.24
"Niwot Ridge LTER","SDL snowfence",2014,"2014-08-24",43,"392","WM","NP",0,0,"Total",1,209.05
"Niwot Ridge LTER","SDL snowfence",2014,"2014-08-24",44,"272","WM","NP",0,0,"Forb",1,20.44
"Niwot Ridge LTER","SDL snowfence",2014,"2014-08-24",44,"272","WM","NP",0,0,"Graminoid",1,72.12
"Niwot Ridge LTER","SDL snowfence",2014,"2014-08-24",44,"272","WM","NP",0,0,"Total",1,92.56
"Niwot Ridge LTER","SDL snowfence",2014,"2014-08-24",45,"270","WM","PP",0,0,"Forb",1,93.78
"Niwot Ridge LTER","SDL snowfence",2014,"2014-08-24",45,"270","WM","PP",0,0,"Graminoid",1,42.14
"Niwot Ridge LTER","SDL snowfence",2014,"2014-08-24",45,"270","WM","PP",0,0,"Total",1,135.92
"Niwot Ridge LTER","SDL snowfence",2014,"2014-08-19",46,"275","WM","PP",0,0,"Forb",1,125.26
"Niwot Ridge LTER","SDL snowfence",2014,"2014-08-19",46,"275","WM","PP",0,0,"Graminoid",1,40.11
"Niwot Ridge LTER","SDL snowfence",2014,"2014-08-19",46,"275","WM","PP",0,0,"Total",1,165.37
"Niwot Ridge LTER","SDL snowfence",2014,"2014-08-19",47,"277","WM","PP",0,0,"Forb",1,70.14
"Niwot Ridge LTER","SDL snowfence",2014,"2014-08-19",47,"277","WM","PP",0,0,"Graminoid",1,44.9
"Niwot Ridge LTER","SDL snowfence",2014,"2014-08-19",47,"277","WM","PP",0,0,"Total",1,115.04
"Niwot Ridge LTER","SDL snowfence",2014,"2014-08-24",48,"276","WM","PP",0,0,"Forb",1,27.22
"Niwot Ridge LTER","SDL snowfence",2014,"2014-08-24",48,"276","WM","PP",0,0,"Graminoid",1,74.33
"Niwot Ridge LTER","SDL snowfence",2014,"2014-08-24",48,"276","WM","PP",0,0,"Total",1,101.55
"Niwot Ridge LTER","SDL snowfence",2014,"2014-08-12",49,"888","DM","CC",1,0,"Forb",1,179.47
"Niwot Ridge LTER","SDL snowfence",2014,"2014-08-12",49,"888","DM","CC",1,0,"Graminoid",1,51.18
"Niwot Ridge LTER","SDL snowfence",2014,"2014-08-12",49,"888","DM","CC",1,0,"Total",1,230.65
"Niwot Ridge LTER","SDL snowfence",2014,"2014-08-12",50,"889","DM","CC",1,0,"Forb",1,153
"Niwot Ridge LTER","SDL snowfence",2014,"2014-08-12",50,"889","DM","CC",1,0,"Graminoid",1,10.26
"Niwot Ridge LTER","SDL snowfence",2014,"2014-08-12",50,"889","DM","CC",1,0,"Total",1,163.26
"Niwot Ridge LTER","SDL snowfence",2014,"2014-08-12",51,"890","DM","CC",1,0,"Forb",1,224.06
"Niwot Ridge LTER","SDL snowfence",2014,"2014-08-12",51,"890","DM","CC",1,0,"Graminoid",1,74.95
"Niwot Ridge LTER","SDL snowfence",2014,"2014-08-12",51,"890","DM","CC",1,0,"Total",1,299.01
"Niwot Ridge LTER","SDL snowfence",2014,"2014-08-12",52,"891","DM","CC",1,0,"Forb",1,85.84
"Niwot Ridge LTER","SDL snowfence",2014,"2014-08-12",52,"891","DM","CC",1,0,"Graminoid",1,22.17
"Niwot Ridge LTER","SDL snowfence",2014,"2014-08-12",52,"891","DM","CC",1,0,"Total",1,108.01
"Niwot Ridge LTER","SDL snowfence",2014,"2014-08-12",53,"417","DM","NN",1,0,"Forb",1,79.47
"Niwot Ridge LTER","SDL snowfence",2014,"2014-08-12",53,"417","DM","NN",1,0,"Graminoid",1,77.25
"Niwot Ridge LTER","SDL snowfence",2014,"2014-08-12",53,"417","DM","NN",1,0,"Total",1,156.72
"Niwot Ridge LTER","SDL snowfence",2014,"2014-08-12",54,"415","DM","NN",1,0,"Forb",1,15.97
"Niwot Ridge LTER","SDL snowfence",2014,"2014-08-12",54,"415","DM","NN",1,0,"Graminoid",1,232.7
"Niwot Ridge LTER","SDL snowfence",2014,"2014-08-12",54,"415","DM","NN",1,0,"Total",1,248.67
"Niwot Ridge LTER","SDL snowfence",2014,"2014-08-12",55,"864","DM","NN",1,0,"Forb",1,130.01
"Niwot Ridge LTER","SDL snowfence",2014,"2014-08-12",55,"864","DM","NN",1,0,"Graminoid",1,27.45
"Niwot Ridge LTER","SDL snowfence",2014,"2014-08-12",55,"864","DM","NN",1,0,"Total",1,157.46
"Niwot Ridge LTER","SDL snowfence",2014,"2014-08-12",56,"413","DM","NN",1,0,"Forb",1,86.96
"Niwot Ridge LTER","SDL snowfence",2014,"2014-08-12",56,"413","DM","NN",1,0,"Graminoid",1,27.6
"Niwot Ridge LTER","SDL snowfence",2014,"2014-08-12",56,"413","DM","NN",1,0,"Total",1,114.56
"Niwot Ridge LTER","SDL snowfence",2014,"2014-08-12",57,"868","DM","NP",1,0,"Forb",1,184.6
"Niwot Ridge LTER","SDL snowfence",2014,"2014-08-12",57,"868","DM","NP",1,0,"Graminoid",1,114.74
"Niwot Ridge LTER","SDL snowfence",2014,"2014-08-12",57,"868","DM","NP",1,0,"Total",1,299.34
"Niwot Ridge LTER","SDL snowfence",2014,"2014-08-12",58,"894","DM","NP",1,0,"Forb",1,154.61
"Niwot Ridge LTER","SDL snowfence",2014,"2014-08-12",58,"894","DM","NP",1,0,"Graminoid",1,71.51
"Niwot Ridge LTER","SDL snowfence",2014,"2014-08-12",58,"894","DM","NP",1,0,"Total",1,226.12
"Niwot Ridge LTER","SDL snowfence",2014,"2014-08-12",59,"866","DM","NP",1,0,"Forb",1,300.7
"Niwot Ridge LTER","SDL snowfence",2014,"2014-08-12",59,"866","DM","NP",1,0,"Graminoid",1,24.4
"Niwot Ridge LTER","SDL snowfence",2014,"2014-08-12",59,"866","DM","NP",1,0,"Total",1,325.1
"Niwot Ridge LTER","SDL snowfence",2014,"2014-08-12",60,"869","DM","NP",1,0,"Forb",1,231.14
"Niwot Ridge LTER","SDL snowfence",2014,"2014-08-12",60,"869","DM","NP",1,0,"Graminoid",1,103.58
"Niwot Ridge LTER","SDL snowfence",2014,"2014-08-12",60,"869","DM","NP",1,0,"Total",1,334.72
"Niwot Ridge LTER","SDL snowfence",2014,"2014-08-12",61,"400","DM","PP",1,0,"Forb",1,140.5
"Niwot Ridge LTER","SDL snowfence",2014,"2014-08-12",61,"400","DM","PP",1,0,"Graminoid",1,88.7
"Niwot Ridge LTER","SDL snowfence",2014,"2014-08-12",61,"400","DM","PP",1,0,"Total",1,229.2
"Niwot Ridge LTER","SDL snowfence",2014,NA,62,"416","DM","PP",1,0,"Forb",1,161.94
"Niwot Ridge LTER","SDL snowfence",2014,NA,62,"416","DM","PP",1,0,"Graminoid",1,113.08
"Niwot Ridge LTER","SDL snowfence",2014,NA,62,"416","DM","PP",1,0,"Total",1,275.02
"Niwot Ridge LTER","SDL snowfence",2014,"2014-08-12",63,"414","DM","PP",1,0,"Forb",1,120.06
"Niwot Ridge LTER","SDL snowfence",2014,"2014-08-12",63,"414","DM","PP",1,0,"Graminoid",1,31.75
"Niwot Ridge LTER","SDL snowfence",2014,"2014-08-12",63,"414","DM","PP",1,0,"Total",1,151.81
"Niwot Ridge LTER","SDL snowfence",2014,"2014-08-12",64,"412","DM","PP",1,0,"Forb",1,125.17
"Niwot Ridge LTER","SDL snowfence",2014,"2014-08-12",64,"412","DM","PP",1,0,"Graminoid",1,31.72
"Niwot Ridge LTER","SDL snowfence",2014,"2014-08-12",64,"412","DM","PP",1,0,"Total",1,156.89
"Niwot Ridge LTER","SDL snowfence",2014,"2014-08-12",65,"885","MM","CC",1,0,"Forb",1,79.31
"Niwot Ridge LTER","SDL snowfence",2014,"2014-08-12",65,"885","MM","CC",1,0,"Graminoid",1,76.3
"Niwot Ridge LTER","SDL snowfence",2014,"2014-08-12",65,"885","MM","CC",1,0,"Total",1,155.61
"Niwot Ridge LTER","SDL snowfence",2014,"2014-08-12",66,"883","MM","CC",1,0,"Forb",1,50.43
"Niwot Ridge LTER","SDL snowfence",2014,"2014-08-12",66,"883","MM","CC",1,0,"Graminoid",1,145.45
"Niwot Ridge LTER","SDL snowfence",2014,"2014-08-12",66,"883","MM","CC",1,0,"Total",1,195.88
"Niwot Ridge LTER","SDL snowfence",2014,"2014-08-12",67,"882","MM","CC",1,0,"Forb",1,51.43
"Niwot Ridge LTER","SDL snowfence",2014,"2014-08-12",67,"882","MM","CC",1,0,"Graminoid",1,84.14
"Niwot Ridge LTER","SDL snowfence",2014,"2014-08-12",67,"882","MM","CC",1,0,"Total",1,135.57
"Niwot Ridge LTER","SDL snowfence",2014,"2014-08-12",68,"887","MM","CC",1,0,"Forb",1,133.18
"Niwot Ridge LTER","SDL snowfence",2014,"2014-08-12",68,"887","MM","CC",1,0,"Graminoid",1,37.45
"Niwot Ridge LTER","SDL snowfence",2014,"2014-08-12",68,"887","MM","CC",1,0,"Total",1,170.63
"Niwot Ridge LTER","SDL snowfence",2014,"2014-08-13",69,"875","MM","NN",1,0,"Forb",1,42.18
"Niwot Ridge LTER","SDL snowfence",2014,"2014-08-13",69,"875","MM","NN",1,0,"Graminoid",1,152.58
"Niwot Ridge LTER","SDL snowfence",2014,"2014-08-13",69,"875","MM","NN",1,0,"Total",1,194.76
"Niwot Ridge LTER","SDL snowfence",2014,"2014-08-19",70,"884","MM","NN",1,0,"Forb",1,48.53
"Niwot Ridge LTER","SDL snowfence",2014,"2014-08-19",70,"884","MM","NN",1,0,"Graminoid",1,192.17
"Niwot Ridge LTER","SDL snowfence",2014,"2014-08-19",70,"884","MM","NN",1,0,"Total",1,240.7
"Niwot Ridge LTER","SDL snowfence",2014,"2014-08-12",71,"419","MM","NN",1,0,"Forb",1,73.7
"Niwot Ridge LTER","SDL snowfence",2014,"2014-08-12",71,"419","MM","NN",1,0,"Graminoid",1,121.56
"Niwot Ridge LTER","SDL snowfence",2014,"2014-08-12",71,"419","MM","NN",1,0,"Total",1,195.26
"Niwot Ridge LTER","SDL snowfence",2014,"2014-08-12",72,"880","MM","NN",1,0,"Forb",1,191.65
"Niwot Ridge LTER","SDL snowfence",2014,"2014-08-12",72,"880","MM","NN",1,0,"Graminoid",1,12.97
"Niwot Ridge LTER","SDL snowfence",2014,"2014-08-12",72,"880","MM","NN",1,0,"Total",1,204.62
"Niwot Ridge LTER","SDL snowfence",2014,"2014-08-12",73,"877","MM","NP",1,0,"Forb",1,43.04
"Niwot Ridge LTER","SDL snowfence",2014,"2014-08-12",73,"877","MM","NP",1,0,"Graminoid",1,160.14
"Niwot Ridge LTER","SDL snowfence",2014,"2014-08-12",73,"877","MM","NP",1,0,"Total",1,203.18
"Niwot Ridge LTER","SDL snowfence",2014,"2014-08-13",74,"873","MM","NP",1,0,"Forb",1,60.93
"Niwot Ridge LTER","SDL snowfence",2014,"2014-08-13",74,"873","MM","NP",1,0,"Graminoid",1,338.94
"Niwot Ridge LTER","SDL snowfence",2014,"2014-08-13",74,"873","MM","NP",1,0,"Total",1,399.87
"Niwot Ridge LTER","SDL snowfence",2014,NA,75,"871","MM","NP",1,0,"Forb",1,135.9
"Niwot Ridge LTER","SDL snowfence",2014,NA,75,"871","MM","NP",1,0,"Graminoid",1,195.28
"Niwot Ridge LTER","SDL snowfence",2014,NA,75,"871","MM","NP",1,0,"Total",1,331.18
"Niwot Ridge LTER","SDL snowfence",2014,"2014-08-12",76,"886","MM","NP",1,0,"Forb",1,181.11
"Niwot Ridge LTER","SDL snowfence",2014,"2014-08-12",76,"886","MM","NP",1,0,"Graminoid",1,253.81
"Niwot Ridge LTER","SDL snowfence",2014,"2014-08-12",76,"886","MM","NP",1,0,"Total",1,434.92
"Niwot Ridge LTER","SDL snowfence",2014,"2014-08-13",77,"420","MM","PP",1,0,"Forb",1,159
"Niwot Ridge LTER","SDL snowfence",2014,"2014-08-13",77,"420","MM","PP",1,0,"Graminoid",1,0
"Niwot Ridge LTER","SDL snowfence",2014,"2014-08-13",77,"420","MM","PP",1,0,"Total",1,159
"Niwot Ridge LTER","SDL snowfence",2014,"2014-08-13",78,"418","MM","PP",1,0,"Forb",1,119.52
"Niwot Ridge LTER","SDL snowfence",2014,"2014-08-13",78,"418","MM","PP",1,0,"Graminoid",1,120.08
"Niwot Ridge LTER","SDL snowfence",2014,"2014-08-13",78,"418","MM","PP",1,0,"Total",1,239.6
"Niwot Ridge LTER","SDL snowfence",2014,"2014-08-13",79,"872","MM","PP",1,0,"Forb",1,158.91
"Niwot Ridge LTER","SDL snowfence",2014,"2014-08-13",79,"872","MM","PP",1,0,"Graminoid",1,165.27
"Niwot Ridge LTER","SDL snowfence",2014,"2014-08-13",79,"872","MM","PP",1,0,"Total",1,324.18
"Niwot Ridge LTER","SDL snowfence",2014,"2014-08-12",80,"881","MM","PP",1,0,"Forb",1,143.5
"Niwot Ridge LTER","SDL snowfence",2014,"2014-08-12",80,"881","MM","PP",1,0,"Graminoid",1,117.15
"Niwot Ridge LTER","SDL snowfence",2014,"2014-08-12",80,"881","MM","PP",1,0,"Total",1,260.65
