site,surveydate,plot,plot_2003,trt,meadow,snow,clean_code2,hits
sdl,2003-07-24T00:00:00Z,1,710,C,dry,no snow,ARSC,2
sdl,2003-07-24T00:00:00Z,1,710,C,dry,no snow,CARO2,1
sdl,2003-07-24T00:00:00Z,1,710,C,dry,no snow,CARUD,9
sdl,2003-07-24T00:00:00Z,1,710,C,dry,no snow,CASC12,4
sdl,2003-07-24T00:00:00Z,1,710,C,dry,no snow,GERO2,8
sdl,2003-07-24T00:00:00Z,1,710,C,dry,no snow,KOMY,40
sdl,2003-07-24T00:00:00Z,1,710,C,dry,no snow,LLSE,8
sdl,2003-07-24T00:00:00Z,1,710,C,dry,no snow,ORALA,1
sdl,2003-07-24T00:00:00Z,1,710,C,dry,no snow,POBI6,4
sdl,2003-07-24T00:00:00Z,1,710,C,dry,no snow,POVI3,6
sdl,2003-07-24T00:00:00Z,1,710,C,dry,no snow,TRDA2,17
sdl,2003-07-24T00:00:00Z,2,712,C,dry,no snow,ARFEF3,2
sdl,2003-07-24T00:00:00Z,2,712,C,dry,no snow,CARO2,3
sdl,2003-07-24T00:00:00Z,2,712,C,dry,no snow,CARUD,4
sdl,2003-07-24T00:00:00Z,2,712,C,dry,no snow,ERPI6,1
sdl,2003-07-24T00:00:00Z,2,712,C,dry,no snow,ERSI3,1
sdl,2003-07-24T00:00:00Z,2,712,C,dry,no snow,GERO2,29
sdl,2003-07-24T00:00:00Z,2,712,C,dry,no snow,KOMY,20
sdl,2003-07-24T00:00:00Z,2,712,C,dry,no snow,LLSE,4
sdl,2003-07-24T00:00:00Z,2,712,C,dry,no snow,NOFEG,1
sdl,2003-07-24T00:00:00Z,2,712,C,dry,no snow,ORALA,6
sdl,2003-07-24T00:00:00Z,2,712,C,dry,no snow,TRDA2,29
sdl,2003-07-24T00:00:00Z,3,709,C,dry,no snow,2LICHN,10
sdl,2003-07-24T00:00:00Z,3,709,C,dry,no snow,CAPU,5
sdl,2003-07-24T00:00:00Z,3,709,C,dry,no snow,CAREX,1
sdl,2003-07-24T00:00:00Z,3,709,C,dry,no snow,CARO2,9
sdl,2003-07-24T00:00:00Z,3,709,C,dry,no snow,CARUD,9
sdl,2003-07-24T00:00:00Z,3,709,C,dry,no snow,CASC12,1
sdl,2003-07-24T00:00:00Z,3,709,C,dry,no snow,ERPI6,1
sdl,2003-07-24T00:00:00Z,3,709,C,dry,no snow,ERSI3,1
sdl,2003-07-24T00:00:00Z,3,709,C,dry,no snow,GERO2,29
sdl,2003-07-24T00:00:00Z,3,709,C,dry,no snow,KOMY,20
sdl,2003-07-24T00:00:00Z,3,709,C,dry,no snow,MELA3,1
sdl,2003-07-24T00:00:00Z,3,709,C,dry,no snow,MIBI9,1
sdl,2003-07-24T00:00:00Z,3,709,C,dry,no snow,NOFEG,1
sdl,2003-07-24T00:00:00Z,3,709,C,dry,no snow,ORALA,5
sdl,2003-07-24T00:00:00Z,3,709,C,dry,no snow,POBI6,2
sdl,2003-07-24T00:00:00Z,3,709,C,dry,no snow,PODI2,1
sdl,2003-07-24T00:00:00Z,3,709,C,dry,no snow,POVI,4
sdl,2003-07-24T00:00:00Z,3,709,C,dry,no snow,SEDES,2
sdl,2003-07-24T00:00:00Z,3,709,C,dry,no snow,TEACC,1
sdl,2003-07-24T00:00:00Z,3,709,C,dry,no snow,TRDA2,1
sdl,2003-07-24T00:00:00Z,3,709,C,dry,no snow,TRSP2,3
sdl,2003-07-24T00:00:00Z,4,711,C,dry,no snow,2LICHN,3
sdl,2003-07-24T00:00:00Z,4,711,C,dry,no snow,ARSC,4
sdl,2003-07-24T00:00:00Z,4,711,C,dry,no snow,CARO2,2
sdl,2003-07-24T00:00:00Z,4,711,C,dry,no snow,CARUD,2
sdl,2003-07-24T00:00:00Z,4,711,C,dry,no snow,GERO2,10
sdl,2003-07-24T00:00:00Z,4,711,C,dry,no snow,KOMY,26
sdl,2003-07-24T00:00:00Z,4,711,C,dry,no snow,LLSE,3
sdl,2003-07-24T00:00:00Z,4,711,C,dry,no snow,ORALA,5
sdl,2003-07-24T00:00:00Z,4,711,C,dry,no snow,TRDA2,45
sdl,2003-08-01T00:00:00Z,5,262,N,dry,no snow,ARFEF3,2
sdl,2003-08-01T00:00:00Z,5,262,N,dry,no snow,ARSC,11
sdl,2003-08-01T00:00:00Z,5,262,N,dry,no snow,GERO2,16
sdl,2003-08-01T00:00:00Z,5,262,N,dry,no snow,KOMY,29
sdl,2003-08-01T00:00:00Z,5,262,N,dry,no snow,LLSE,2
sdl,2003-08-01T00:00:00Z,5,262,N,dry,no snow,LUSP4,14
sdl,2003-08-01T00:00:00Z,5,262,N,dry,no snow,MIBI9,2
sdl,2003-08-01T00:00:00Z,5,262,N,dry,no snow,ORALA,3
sdl,2003-08-01T00:00:00Z,5,262,N,dry,no snow,POBI6,6
sdl,2003-08-01T00:00:00Z,5,262,N,dry,no snow,POVI3,6
sdl,2003-07-29T00:00:00Z,6,409,N,dry,no snow,ARFEF3,3
sdl,2003-07-29T00:00:00Z,6,409,N,dry,no snow,ARSC,4
sdl,2003-07-29T00:00:00Z,6,409,N,dry,no snow,CAOC4,6
sdl,2003-07-29T00:00:00Z,6,409,N,dry,no snow,CAREX,1
sdl,2003-07-29T00:00:00Z,6,409,N,dry,no snow,CASC12,4
sdl,2003-07-29T00:00:00Z,6,409,N,dry,no snow,DECE,37
sdl,2003-07-29T00:00:00Z,6,409,N,dry,no snow,ERSI3,3
sdl,2003-07-29T00:00:00Z,6,409,N,dry,no snow,GERO2,26
sdl,2003-07-29T00:00:00Z,6,409,N,dry,no snow,KOMY,2
sdl,2003-07-29T00:00:00Z,6,409,N,dry,no snow,LLSE,1
sdl,2003-07-29T00:00:00Z,6,409,N,dry,no snow,POBI6,3
sdl,2003-07-29T00:00:00Z,6,409,N,dry,no snow,TRDA2,8
sdl,2003-08-01T00:00:00Z,7,292,N,dry,no snow,2LICHN,2
sdl,2003-08-01T00:00:00Z,7,292,N,dry,no snow,ARFEF3,8
sdl,2003-08-01T00:00:00Z,7,292,N,dry,no snow,CARO2,12
sdl,2003-08-01T00:00:00Z,7,292,N,dry,no snow,CARUD,2
sdl,2003-08-01T00:00:00Z,7,292,N,dry,no snow,GERO2,13
sdl,2003-08-01T00:00:00Z,7,292,N,dry,no snow,KOMY,22
sdl,2003-08-01T00:00:00Z,7,292,N,dry,no snow,LLSE,1
sdl,2003-08-01T00:00:00Z,7,292,N,dry,no snow,MIBI9,4
sdl,2003-08-01T00:00:00Z,7,292,N,dry,no snow,ORALA,4
sdl,2003-08-01T00:00:00Z,7,292,N,dry,no snow,POBI6,1
sdl,2003-08-01T00:00:00Z,7,292,N,dry,no snow,POVI3,2
sdl,2003-08-01T00:00:00Z,7,292,N,dry,no snow,TRDA2,4
sdl,2003-08-01T00:00:00Z,7,292,N,dry,no snow,TRSP2,12
sdl,2003-07-24T00:00:00Z,8,99,N,dry,no snow,ARSC,7
sdl,2003-07-24T00:00:00Z,8,99,N,dry,no snow,CAREX,1
sdl,2003-07-24T00:00:00Z,8,99,N,dry,no snow,CARO2,1
sdl,2003-07-24T00:00:00Z,8,99,N,dry,no snow,CARUD,4
sdl,2003-07-24T00:00:00Z,8,99,N,dry,no snow,CASC12,3
sdl,2003-07-24T00:00:00Z,8,99,N,dry,no snow,ERSI3,1
sdl,2003-07-24T00:00:00Z,8,99,N,dry,no snow,GERO2,18
sdl,2003-07-24T00:00:00Z,8,99,N,dry,no snow,KOMY,25
sdl,2003-07-24T00:00:00Z,8,99,N,dry,no snow,LLSE,11
sdl,2003-07-24T00:00:00Z,8,99,N,dry,no snow,MIBI9,5
sdl,2003-07-24T00:00:00Z,8,99,N,dry,no snow,ORALA,3
sdl,2003-07-24T00:00:00Z,8,99,N,dry,no snow,POAL2,6
sdl,2003-07-24T00:00:00Z,8,99,N,dry,no snow,POBI6,2
sdl,2003-07-24T00:00:00Z,8,99,N,dry,no snow,TRSP2,3
sdl,2003-08-01T00:00:00Z,9,408,N+P,dry,no snow,ARSC,8
sdl,2003-08-01T00:00:00Z,9,408,N+P,dry,no snow,CARO2,1
sdl,2003-08-01T00:00:00Z,9,408,N+P,dry,no snow,GERO2,28
sdl,2003-08-01T00:00:00Z,9,408,N+P,dry,no snow,KOMY,12
sdl,2003-08-01T00:00:00Z,9,408,N+P,dry,no snow,LUSP4,3
sdl,2003-08-01T00:00:00Z,9,408,N+P,dry,no snow,MELA3,6
sdl,2003-08-01T00:00:00Z,9,408,N+P,dry,no snow,ORALA,13
sdl,2003-08-01T00:00:00Z,9,408,N+P,dry,no snow,POAL2,13
sdl,2003-08-01T00:00:00Z,9,408,N+P,dry,no snow,POBI6,4
sdl,2003-08-01T00:00:00Z,9,408,N+P,dry,no snow,POVI3,1
sdl,2003-07-24T00:00:00Z,10,290,N+P,dry,no snow,ARFEF3,5
sdl,2003-07-24T00:00:00Z,10,290,N+P,dry,no snow,ARSC,2
sdl,2003-07-24T00:00:00Z,10,290,N+P,dry,no snow,CARO2,16
sdl,2003-07-24T00:00:00Z,10,290,N+P,dry,no snow,CEARS2,1
sdl,2003-07-24T00:00:00Z,10,290,N+P,dry,no snow,ERPI6,1
sdl,2003-07-24T00:00:00Z,10,290,N+P,dry,no snow,ERSI3,2
sdl,2003-07-24T00:00:00Z,10,290,N+P,dry,no snow,GERO2,35
sdl,2003-07-24T00:00:00Z,10,290,N+P,dry,no snow,KOMY,9
sdl,2003-07-24T00:00:00Z,10,290,N+P,dry,no snow,LLSE,2
sdl,2003-07-24T00:00:00Z,10,290,N+P,dry,no snow,LUSP4,2
sdl,2003-07-24T00:00:00Z,10,290,N+P,dry,no snow,MELA3,3
sdl,2003-07-24T00:00:00Z,10,290,N+P,dry,no snow,NOFEG,1
sdl,2003-07-24T00:00:00Z,10,290,N+P,dry,no snow,ORALA,10
sdl,2003-07-24T00:00:00Z,10,290,N+P,dry,no snow,POAL2,1
sdl,2003-07-24T00:00:00Z,10,290,N+P,dry,no snow,POBI6,5
sdl,2003-07-24T00:00:00Z,10,290,N+P,dry,no snow,TRDA2,3
sdl,2003-07-24T00:00:00Z,10,290,N+P,dry,no snow,TRSP2,4
sdl,2003-07-24T00:00:00Z,11,410,N+P,dry,no snow,ARFEF3,3
sdl,2003-07-24T00:00:00Z,11,410,N+P,dry,no snow,ARSC,32
sdl,2003-07-24T00:00:00Z,11,410,N+P,dry,no snow,CAREX,2
sdl,2003-07-24T00:00:00Z,11,410,N+P,dry,no snow,CASC12,7
sdl,2003-07-24T00:00:00Z,11,410,N+P,dry,no snow,ERSI3,6
sdl,2003-07-24T00:00:00Z,11,410,N+P,dry,no snow,GERO2,16
sdl,2003-07-24T00:00:00Z,11,410,N+P,dry,no snow,KOMY,13
sdl,2003-07-24T00:00:00Z,11,410,N+P,dry,no snow,LLSE,3
sdl,2003-07-24T00:00:00Z,11,410,N+P,dry,no snow,ORALA,1
sdl,2003-07-24T00:00:00Z,11,410,N+P,dry,no snow,POBI6,8
sdl,2003-07-24T00:00:00Z,11,410,N+P,dry,no snow,POVI3,2
sdl,2003-07-24T00:00:00Z,11,410,N+P,dry,no snow,TEGR3,1
sdl,2003-07-24T00:00:00Z,11,410,N+P,dry,no snow,TRSP2,4
sdl,2003-07-24T00:00:00Z,12,261,N+P,dry,no snow,ARSC,7
sdl,2003-07-24T00:00:00Z,12,261,N+P,dry,no snow,CAPU,15
sdl,2003-07-24T00:00:00Z,12,261,N+P,dry,no snow,CARO2,22
sdl,2003-07-24T00:00:00Z,12,261,N+P,dry,no snow,CEARS2,2
sdl,2003-07-24T00:00:00Z,12,261,N+P,dry,no snow,ERPI6,3
sdl,2003-07-24T00:00:00Z,12,261,N+P,dry,no snow,GERO2,12
sdl,2003-07-24T00:00:00Z,12,261,N+P,dry,no snow,KOMY,8
sdl,2003-07-24T00:00:00Z,12,261,N+P,dry,no snow,LLSE,1
sdl,2003-07-24T00:00:00Z,12,261,N+P,dry,no snow,MELA3,2
sdl,2003-07-24T00:00:00Z,12,261,N+P,dry,no snow,ORALA,13
sdl,2003-07-24T00:00:00Z,12,261,N+P,dry,no snow,POBI6,2
sdl,2003-07-24T00:00:00Z,12,261,N+P,dry,no snow,POGL,7
sdl,2003-07-24T00:00:00Z,12,261,N+P,dry,no snow,SELA,1
sdl,2003-07-24T00:00:00Z,12,261,N+P,dry,no snow,TEACC,1
sdl,2003-07-24T00:00:00Z,12,261,N+P,dry,no snow,TRDA2,5
sdl,2003-07-24T00:00:00Z,13,411,P,dry,no snow,2LICHN,1
sdl,2003-07-24T00:00:00Z,13,411,P,dry,no snow,2MOSS,1
sdl,2003-07-24T00:00:00Z,13,411,P,dry,no snow,ARSC,3
sdl,2003-07-24T00:00:00Z,13,411,P,dry,no snow,CAPU,3
sdl,2003-07-24T00:00:00Z,13,411,P,dry,no snow,CARO2,9
sdl,2003-07-24T00:00:00Z,13,411,P,dry,no snow,CASC12,1
sdl,2003-07-24T00:00:00Z,13,411,P,dry,no snow,ERSI3,1
sdl,2003-07-24T00:00:00Z,13,411,P,dry,no snow,GERO2,9
sdl,2003-07-24T00:00:00Z,13,411,P,dry,no snow,KOMY,50
sdl,2003-07-24T00:00:00Z,13,411,P,dry,no snow,LLSE,3
sdl,2003-07-24T00:00:00Z,13,411,P,dry,no snow,ORALA,1
sdl,2003-07-24T00:00:00Z,13,411,P,dry,no snow,POBI6,6
sdl,2003-07-24T00:00:00Z,13,411,P,dry,no snow,TRDA2,12
sdl,2003-07-24T00:00:00Z,14,287,P,dry,no snow,2LICHN,3
sdl,2003-07-24T00:00:00Z,14,287,P,dry,no snow,2MOSS,1
sdl,2003-07-24T00:00:00Z,14,287,P,dry,no snow,ARSC,3
sdl,2003-07-24T00:00:00Z,14,287,P,dry,no snow,CARO2,3
sdl,2003-07-24T00:00:00Z,14,287,P,dry,no snow,GERO2,14
sdl,2003-07-24T00:00:00Z,14,287,P,dry,no snow,KOMY,31
sdl,2003-07-24T00:00:00Z,14,287,P,dry,no snow,LLSE,3
sdl,2003-07-24T00:00:00Z,14,287,P,dry,no snow,MELA3,1
sdl,2003-07-24T00:00:00Z,14,287,P,dry,no snow,MIBI9,3
sdl,2003-07-24T00:00:00Z,14,287,P,dry,no snow,NOFEG,1
sdl,2003-07-24T00:00:00Z,14,287,P,dry,no snow,ORALA,3
sdl,2003-07-24T00:00:00Z,14,287,P,dry,no snow,POAL2,2
sdl,2003-07-24T00:00:00Z,14,287,P,dry,no snow,POBI6,2
sdl,2003-07-24T00:00:00Z,14,287,P,dry,no snow,TRDA2,30
sdl,2003-07-24T00:00:00Z,15,289,P,dry,no snow,2LICHN,1
sdl,2003-07-24T00:00:00Z,15,289,P,dry,no snow,2MOSS,1
sdl,2003-07-24T00:00:00Z,15,289,P,dry,no snow,ARSC,5
sdl,2003-07-24T00:00:00Z,15,289,P,dry,no snow,CAPU,2
sdl,2003-07-24T00:00:00Z,15,289,P,dry,no snow,CARO2,10
sdl,2003-07-24T00:00:00Z,15,289,P,dry,no snow,CEARS2,4
sdl,2003-07-24T00:00:00Z,15,289,P,dry,no snow,GERO2,3
sdl,2003-07-24T00:00:00Z,15,289,P,dry,no snow,KOMY,32
sdl,2003-07-24T00:00:00Z,15,289,P,dry,no snow,LLSE,4
sdl,2003-07-24T00:00:00Z,15,289,P,dry,no snow,ORALA,6
sdl,2003-07-24T00:00:00Z,15,289,P,dry,no snow,PHPU5,2
sdl,2003-07-24T00:00:00Z,15,289,P,dry,no snow,POAL2,4
sdl,2003-07-24T00:00:00Z,15,289,P,dry,no snow,POBI6,1
sdl,2003-07-24T00:00:00Z,15,289,P,dry,no snow,SEDES,2
sdl,2003-07-24T00:00:00Z,15,289,P,dry,no snow,SIACS2,1
sdl,2003-07-24T00:00:00Z,15,289,P,dry,no snow,TEACC,1
sdl,2003-07-24T00:00:00Z,15,289,P,dry,no snow,TRDA2,16
sdl,2003-07-24T00:00:00Z,16,296,P,dry,no snow,2LICHN,5
sdl,2003-07-24T00:00:00Z,16,296,P,dry,no snow,2MOSS,1
sdl,2003-07-24T00:00:00Z,16,296,P,dry,no snow,ARSC,1
sdl,2003-07-24T00:00:00Z,16,296,P,dry,no snow,CARO2,3
sdl,2003-07-24T00:00:00Z,16,296,P,dry,no snow,GERO2,5
sdl,2003-07-24T00:00:00Z,16,296,P,dry,no snow,KOMY,72
sdl,2003-07-24T00:00:00Z,16,296,P,dry,no snow,MIBI9,1
sdl,2003-07-24T00:00:00Z,16,296,P,dry,no snow,NOFEG,2
sdl,2003-07-24T00:00:00Z,16,296,P,dry,no snow,ORALA,2
sdl,2003-07-24T00:00:00Z,16,296,P,dry,no snow,POBI6,1
sdl,2003-07-24T00:00:00Z,16,296,P,dry,no snow,POVI3,1
sdl,2003-07-24T00:00:00Z,16,296,P,dry,no snow,SELA,3
sdl,2003-07-24T00:00:00Z,16,296,P,dry,no snow,SIACS2,2
sdl,2003-07-24T00:00:00Z,16,296,P,dry,no snow,TEACC,1
sdl,2003-07-31T00:00:00Z,17,870,C,mesic,no snow,ARSC,11
sdl,2003-07-31T00:00:00Z,17,870,C,mesic,no snow,CAOC4,1
sdl,2003-07-31T00:00:00Z,17,870,C,mesic,no snow,CASC12,2
sdl,2003-07-31T00:00:00Z,17,870,C,mesic,no snow,DECE,11
sdl,2003-07-31T00:00:00Z,17,870,C,mesic,no snow,GERO2,48
sdl,2003-07-31T00:00:00Z,17,870,C,mesic,no snow,KOMY,1
sdl,2003-07-31T00:00:00Z,17,870,C,mesic,no snow,LLSE,10
sdl,2003-07-31T00:00:00Z,17,870,C,mesic,no snow,POBI6,4
sdl,2003-07-31T00:00:00Z,17,870,C,mesic,no snow,PODI2,1
sdl,2003-07-31T00:00:00Z,17,870,C,mesic,no snow,POVI3,1
sdl,2003-07-31T00:00:00Z,17,870,C,mesic,no snow,TRDA2,2
sdl,2003-07-31T00:00:00Z,18,436,C,mesic,no snow,2LICHN,1
sdl,2003-07-31T00:00:00Z,18,436,C,mesic,no snow,ARFEF3,1
sdl,2003-07-31T00:00:00Z,18,436,C,mesic,no snow,ARSC,15
sdl,2003-07-31T00:00:00Z,18,436,C,mesic,no snow,CAOC4,11
sdl,2003-07-31T00:00:00Z,18,436,C,mesic,no snow,CAREX,1
sdl,2003-07-31T00:00:00Z,18,436,C,mesic,no snow,CASC12,1
sdl,2003-07-31T00:00:00Z,18,436,C,mesic,no snow,ERSI3,3
sdl,2003-07-31T00:00:00Z,18,436,C,mesic,no snow,GEAL2,5
sdl,2003-07-31T00:00:00Z,18,436,C,mesic,no snow,GERO2,24
sdl,2003-07-31T00:00:00Z,18,436,C,mesic,no snow,KOMY,6
sdl,2003-07-31T00:00:00Z,18,436,C,mesic,no snow,LLSE,11
sdl,2003-07-31T00:00:00Z,18,436,C,mesic,no snow,POBI6,2
sdl,2003-07-31T00:00:00Z,18,436,C,mesic,no snow,POVI3,2
sdl,2003-07-31T00:00:00Z,18,436,C,mesic,no snow,SANI8,6
sdl,2003-07-31T00:00:00Z,18,436,C,mesic,no snow,TRDA2,12
sdl,2003-07-31T00:00:00Z,19,267,C,mesic,no snow,ARSC,13
sdl,2003-07-31T00:00:00Z,19,267,C,mesic,no snow,CARUD,1
sdl,2003-07-31T00:00:00Z,19,267,C,mesic,no snow,CASC12,10
sdl,2003-07-31T00:00:00Z,19,267,C,mesic,no snow,DECE,5
sdl,2003-07-31T00:00:00Z,19,267,C,mesic,no snow,ERSI3,6
sdl,2003-07-31T00:00:00Z,19,267,C,mesic,no snow,GERO2,23
sdl,2003-07-31T00:00:00Z,19,267,C,mesic,no snow,KOMY,17
sdl,2003-07-31T00:00:00Z,19,267,C,mesic,no snow,LLSE,12
sdl,2003-07-31T00:00:00Z,19,267,C,mesic,no snow,MIBI9,2
sdl,2003-07-31T00:00:00Z,19,267,C,mesic,no snow,ORALA,1
sdl,2003-07-31T00:00:00Z,19,267,C,mesic,no snow,POBI6,2
sdl,2003-07-31T00:00:00Z,19,267,C,mesic,no snow,POVI3,3
sdl,2003-07-31T00:00:00Z,19,267,C,mesic,no snow,SEDES,1
sdl,2003-07-31T00:00:00Z,19,267,C,mesic,no snow,TRDA2,1
sdl,2003-07-31T00:00:00Z,19,267,C,mesic,no snow,TRSP2,1
sdl,2003-08-01T00:00:00Z,20,266,C,mesic,no snow,2LICHN,3
sdl,2003-08-01T00:00:00Z,20,266,C,mesic,no snow,DECE,47
sdl,2003-08-01T00:00:00Z,20,266,C,mesic,no snow,GERO2,7
sdl,2003-08-01T00:00:00Z,20,266,C,mesic,no snow,POBI6,31
sdl,2003-07-31T00:00:00Z,21,294,N,mesic,no snow,ARSC,12
sdl,2003-07-31T00:00:00Z,21,294,N,mesic,no snow,CASC12,5
sdl,2003-07-31T00:00:00Z,21,294,N,mesic,no snow,DECE,36
sdl,2003-07-31T00:00:00Z,21,294,N,mesic,no snow,ERSI3,1
sdl,2003-07-31T00:00:00Z,21,294,N,mesic,no snow,GEAL2,2
sdl,2003-07-31T00:00:00Z,21,294,N,mesic,no snow,GERO2,30
sdl,2003-07-31T00:00:00Z,21,294,N,mesic,no snow,KOMY,3
sdl,2003-07-31T00:00:00Z,21,294,N,mesic,no snow,LLSE,1
sdl,2003-07-31T00:00:00Z,21,294,N,mesic,no snow,POBI6,2
sdl,2003-07-31T00:00:00Z,21,294,N,mesic,no snow,POVI3,2
sdl,2003-07-31T00:00:00Z,21,294,N,mesic,no snow,TRDA2,12
sdl,2003-07-31T00:00:00Z,22,295,N,mesic,no snow,ARSC,21
sdl,2003-07-31T00:00:00Z,22,295,N,mesic,no snow,DECE,21
sdl,2003-07-31T00:00:00Z,22,295,N,mesic,no snow,ERSI3,1
sdl,2003-07-31T00:00:00Z,22,295,N,mesic,no snow,GERO2,36
sdl,2003-07-31T00:00:00Z,22,295,N,mesic,no snow,LLSE,4
sdl,2003-07-31T00:00:00Z,22,295,N,mesic,no snow,POBI6,5
sdl,2003-07-31T00:00:00Z,22,295,N,mesic,no snow,TRDA2,4
sdl,2003-07-31T00:00:00Z,23,279,N,mesic,no snow,ARFEF3,7
sdl,2003-07-31T00:00:00Z,23,279,N,mesic,no snow,CASC12,2
sdl,2003-07-31T00:00:00Z,23,279,N,mesic,no snow,DECE,43
sdl,2003-07-31T00:00:00Z,23,279,N,mesic,no snow,GERO2,16
sdl,2003-07-31T00:00:00Z,23,279,N,mesic,no snow,LLSE,1
sdl,2003-07-31T00:00:00Z,23,279,N,mesic,no snow,POBI6,10
sdl,2003-07-31T00:00:00Z,23,279,N,mesic,no snow,TRDA2,1
sdl,2003-07-31T00:00:00Z,23,279,N,mesic,no snow,TRSP2,2
sdl,2003-07-29T00:00:00Z,24,264,N,mesic,no snow,ARFEF3,1
sdl,2003-07-29T00:00:00Z,24,264,N,mesic,no snow,ARSC,8
sdl,2003-07-29T00:00:00Z,24,264,N,mesic,no snow,CAAL6,6
sdl,2003-07-29T00:00:00Z,24,264,N,mesic,no snow,CASC12,16
sdl,2003-07-29T00:00:00Z,24,264,N,mesic,no snow,DECE,34
sdl,2003-07-29T00:00:00Z,24,264,N,mesic,no snow,GERO2,29
sdl,2003-07-29T00:00:00Z,24,264,N,mesic,no snow,POBI6,12
sdl,2003-07-29T00:00:00Z,24,264,N,mesic,no snow,TRDA2,3
sdl,2003-07-31T00:00:00Z,25,298,N+P,mesic,no snow,ARFEF3,1
sdl,2003-07-31T00:00:00Z,25,298,N+P,mesic,no snow,ARSC,1
sdl,2003-07-31T00:00:00Z,25,298,N+P,mesic,no snow,CASC12,18
sdl,2003-07-31T00:00:00Z,25,298,N+P,mesic,no snow,DECE,50
sdl,2003-07-31T00:00:00Z,25,298,N+P,mesic,no snow,GERO2,23
sdl,2003-07-31T00:00:00Z,25,298,N+P,mesic,no snow,POBI6,2
sdl,2003-07-31T00:00:00Z,25,298,N+P,mesic,no snow,TRDA2,2
sdl,2003-07-31T00:00:00Z,26,281,N+P,mesic,no snow,CASC12,61
sdl,2003-07-31T00:00:00Z,26,281,N+P,mesic,no snow,DECE,5
sdl,2003-07-31T00:00:00Z,26,281,N+P,mesic,no snow,GERO2,14
sdl,2003-07-31T00:00:00Z,26,281,N+P,mesic,no snow,POBI6,7
sdl,2003-07-31T00:00:00Z,27,403,N+P,mesic,no snow,CASC12,32
sdl,2003-07-31T00:00:00Z,27,403,N+P,mesic,no snow,DECE,32
sdl,2003-07-31T00:00:00Z,27,403,N+P,mesic,no snow,GERO2,15
sdl,2003-07-31T00:00:00Z,27,403,N+P,mesic,no snow,POBI6,4
sdl,2003-07-31T00:00:00Z,27,403,N+P,mesic,no snow,SAGL,2
sdl,2003-07-31T00:00:00Z,28,293,N+P,mesic,no snow,ARFEF3,3
sdl,2003-07-31T00:00:00Z,28,293,N+P,mesic,no snow,CASC12,7
sdl,2003-07-31T00:00:00Z,28,293,N+P,mesic,no snow,DECE,58
sdl,2003-07-31T00:00:00Z,28,293,N+P,mesic,no snow,GERO2,6
sdl,2003-07-31T00:00:00Z,28,293,N+P,mesic,no snow,POBI6,5
sdl,2003-07-31T00:00:00Z,29.5,435,P,mesic,no snow,ARSC,13
sdl,2003-07-31T00:00:00Z,29.5,435,P,mesic,no snow,CAOC4,1
sdl,2003-07-31T00:00:00Z,29.5,435,P,mesic,no snow,DECE,38
sdl,2003-07-31T00:00:00Z,29.5,435,P,mesic,no snow,GERO2,29
sdl,2003-07-31T00:00:00Z,29.5,435,P,mesic,no snow,KOMY,2
sdl,2003-07-31T00:00:00Z,29.5,435,P,mesic,no snow,LLSE,1
sdl,2003-07-31T00:00:00Z,29.5,435,P,mesic,no snow,POBI6,1
sdl,2003-07-31T00:00:00Z,29.5,435,P,mesic,no snow,POVI3,1
sdl,2003-07-31T00:00:00Z,29.5,435,P,mesic,no snow,TRDA2,18
sdl,2003-07-31T00:00:00Z,30,283,P,mesic,no snow,ARFEF3,3
sdl,2003-07-31T00:00:00Z,30,283,P,mesic,no snow,ARSC,7
sdl,2003-07-31T00:00:00Z,30,283,P,mesic,no snow,CAOC4,5
sdl,2003-07-31T00:00:00Z,30,283,P,mesic,no snow,GERO2,25
sdl,2003-07-31T00:00:00Z,30,283,P,mesic,no snow,LLSE,11
sdl,2003-07-31T00:00:00Z,30,283,P,mesic,no snow,POBI6,4
sdl,2003-07-31T00:00:00Z,30,283,P,mesic,no snow,POVI3,5
sdl,2003-07-31T00:00:00Z,30,283,P,mesic,no snow,TRDA2,13
sdl,2003-07-31T00:00:00Z,30,283,P,mesic,no snow,TRSP2,2
sdl,2003-07-31T00:00:00Z,31,280,P,mesic,no snow,ARFEF3,2
sdl,2003-07-31T00:00:00Z,31,280,P,mesic,no snow,ARSC,6
sdl,2003-07-31T00:00:00Z,31,280,P,mesic,no snow,CAOC4,1
sdl,2003-07-31T00:00:00Z,31,280,P,mesic,no snow,DECE,5
sdl,2003-07-31T00:00:00Z,31,280,P,mesic,no snow,ERSI3,1
sdl,2003-07-31T00:00:00Z,31,280,P,mesic,no snow,GERO2,20
sdl,2003-07-31T00:00:00Z,31,280,P,mesic,no snow,KOMY,24
sdl,2003-07-31T00:00:00Z,31,280,P,mesic,no snow,LLSE,11
sdl,2003-07-31T00:00:00Z,31,280,P,mesic,no snow,LUSP4,1
sdl,2003-07-31T00:00:00Z,31,280,P,mesic,no snow,POBI6,5
sdl,2003-07-31T00:00:00Z,31,280,P,mesic,no snow,POVI3,2
sdl,2003-07-31T00:00:00Z,31,280,P,mesic,no snow,TRDA2,6
sdl,2003-07-29T00:00:00Z,32,406,P,mesic,no snow,ARFEF3,3
sdl,2003-07-29T00:00:00Z,32,406,P,mesic,no snow,ARSC,4
sdl,2003-07-29T00:00:00Z,32,406,P,mesic,no snow,CAOC4,6
sdl,2003-07-29T00:00:00Z,32,406,P,mesic,no snow,CAREX,1
sdl,2003-07-29T00:00:00Z,32,406,P,mesic,no snow,CASC12,4
sdl,2003-07-29T00:00:00Z,32,406,P,mesic,no snow,DECE,37
sdl,2003-07-29T00:00:00Z,32,406,P,mesic,no snow,ERSI3,3
sdl,2003-07-29T00:00:00Z,32,406,P,mesic,no snow,GERO2,26
sdl,2003-07-29T00:00:00Z,32,406,P,mesic,no snow,KOMY,2
sdl,2003-07-29T00:00:00Z,32,406,P,mesic,no snow,LLSE,1
sdl,2003-07-29T00:00:00Z,32,406,P,mesic,no snow,POBI6,3
sdl,2003-07-29T00:00:00Z,32,406,P,mesic,no snow,TRDA2,8
sdl,2003-08-01T00:00:00Z,33,395,C,snowbed,snow,2LICHN,1
sdl,2003-08-01T00:00:00Z,33,395,C,snowbed,snow,ARSC,4
sdl,2003-08-01T00:00:00Z,33,395,C,snowbed,snow,CASC12,7
sdl,2003-08-01T00:00:00Z,33,395,C,snowbed,snow,DECE,18
sdl,2003-08-01T00:00:00Z,33,395,C,snowbed,snow,GERO2,51
sdl,2003-08-01T00:00:00Z,33,395,C,snowbed,snow,POBI6,8
sdl,2003-08-01T00:00:00Z,34,394,C,snowbed,snow,2LICHN,19
sdl,2003-08-01T00:00:00Z,34,394,C,snowbed,snow,ARSC,12
sdl,2003-08-01T00:00:00Z,34,394,C,snowbed,snow,GEAL2,1
sdl,2003-08-01T00:00:00Z,34,394,C,snowbed,snow,GERO2,65
sdl,2003-08-01T00:00:00Z,34,394,C,snowbed,snow,POBI6,5
sdl,2003-08-01T00:00:00Z,34,394,C,snowbed,snow,POVI3,2
sdl,2003-08-01T00:00:00Z,34,394,C,snowbed,snow,SELA,4
sdl,2003-08-01T00:00:00Z,35,389,C,snowbed,snow,2LICHN,1
sdl,2003-08-01T00:00:00Z,35,389,C,snowbed,snow,CAOC4,6
sdl,2003-08-01T00:00:00Z,35,389,C,snowbed,snow,DECE,5
sdl,2003-08-01T00:00:00Z,35,389,C,snowbed,snow,ERSI3,2
sdl,2003-08-01T00:00:00Z,35,389,C,snowbed,snow,GEAL2,2
sdl,2003-08-01T00:00:00Z,35,389,C,snowbed,snow,GERO2,43
sdl,2003-08-01T00:00:00Z,35,389,C,snowbed,snow,LLSE,7
sdl,2003-08-01T00:00:00Z,35,389,C,snowbed,snow,MIBI9,3
sdl,2003-08-01T00:00:00Z,35,389,C,snowbed,snow,POBI6,4
sdl,2003-08-01T00:00:00Z,35,389,C,snowbed,snow,POVI3,3
sdl,2003-08-01T00:00:00Z,35,389,C,snowbed,snow,SEDES,1
sdl,2003-08-01T00:00:00Z,36,396,C,snowbed,snow,ARSC,34
sdl,2003-08-01T00:00:00Z,36,396,C,snowbed,snow,CAOC4,16
sdl,2003-08-01T00:00:00Z,36,396,C,snowbed,snow,CASC12,2
sdl,2003-08-01T00:00:00Z,36,396,C,snowbed,snow,DECE,23
sdl,2003-08-01T00:00:00Z,36,396,C,snowbed,snow,ERSI3,12
sdl,2003-08-01T00:00:00Z,36,396,C,snowbed,snow,GERO2,12
sdl,2003-08-01T00:00:00Z,36,396,C,snowbed,snow,KOMY,5
sdl,2003-08-01T00:00:00Z,36,396,C,snowbed,snow,MIBI9,1
sdl,2003-08-01T00:00:00Z,36,396,C,snowbed,snow,POBI6,2
sdl,2003-08-01T00:00:00Z,38,297,N,snowbed,snow,DECE,82
sdl,2003-08-01T00:00:00Z,38,297,N,snowbed,snow,MIBI9,1
sdl,2003-08-01T00:00:00Z,38,297,N,snowbed,snow,POBI6,17
sdl,2003-08-01T00:00:00Z,38,297,N,snowbed,snow,TRDA2,1
sdl,2003-08-01T00:00:00Z,39,278,N,snowbed,snow,ARSC,5
sdl,2003-08-01T00:00:00Z,39,278,N,snowbed,snow,DECE,53
sdl,2003-08-01T00:00:00Z,39,278,N,snowbed,snow,GERO2,8
sdl,2003-08-01T00:00:00Z,39,278,N,snowbed,snow,POBI6,16
sdl,2003-08-01T00:00:00Z,39,278,N,snowbed,snow,POVI3,4
sdl,2003-08-01T00:00:00Z,40,299,N,snowbed,snow,ARSC,4
sdl,2003-08-01T00:00:00Z,40,299,N,snowbed,snow,DECE,64
sdl,2003-08-01T00:00:00Z,40,299,N,snowbed,snow,GERO2,5
sdl,2003-08-01T00:00:00Z,40,299,N,snowbed,snow,POBI6,13
sdl,2003-08-01T00:00:00Z,41,393,N+P,snowbed,snow,DECE,63
sdl,2003-08-01T00:00:00Z,41,393,N+P,snowbed,snow,GERO2,1
sdl,2003-08-01T00:00:00Z,41,393,N+P,snowbed,snow,KOMY,2
sdl,2003-08-01T00:00:00Z,41,393,N+P,snowbed,snow,MIBI9,1
sdl,2003-08-01T00:00:00Z,41,393,N+P,snowbed,snow,POBI6,10
sdl,2003-08-01T00:00:00Z,41,393,N+P,snowbed,snow,TRDA2,3
sdl,2003-08-01T00:00:00Z,42,274,N+P,snowbed,snow,2LICHN,2
sdl,2003-08-01T00:00:00Z,42,274,N+P,snowbed,snow,CASC12,23
sdl,2003-08-01T00:00:00Z,42,274,N+P,snowbed,snow,DECE,59
sdl,2003-08-01T00:00:00Z,42,274,N+P,snowbed,snow,GERO2,2
sdl,2003-08-01T00:00:00Z,42,274,N+P,snowbed,snow,POBI6,7
sdl,2003-08-01T00:00:00Z,42,274,N+P,snowbed,snow,SELA,2
sdl,2003-08-01T00:00:00Z,42,274,N+P,snowbed,snow,TRDA2,3
sdl,2003-08-01T00:00:00Z,43,392,N+P,snowbed,snow,CASC12,15
sdl,2003-08-01T00:00:00Z,43,392,N+P,snowbed,snow,DECE,46
sdl,2003-08-01T00:00:00Z,43,392,N+P,snowbed,snow,MIBI9,4
sdl,2003-08-01T00:00:00Z,43,392,N+P,snowbed,snow,POBI6,12
sdl,2003-08-01T00:00:00Z,43,392,N+P,snowbed,snow,TRDA2,7
sdl,2003-08-01T00:00:00Z,44,272,N+P,snowbed,snow,DECE,90
sdl,2003-08-01T00:00:00Z,44,272,N+P,snowbed,snow,POBI6,10
sdl,2003-08-01T00:00:00Z,45,270,P,snowbed,snow,2LICHN,1
sdl,2003-08-01T00:00:00Z,45,270,P,snowbed,snow,ARSC,4
sdl,2003-08-01T00:00:00Z,45,270,P,snowbed,snow,CAOC4,21
sdl,2003-08-01T00:00:00Z,45,270,P,snowbed,snow,DECE,16
sdl,2003-08-01T00:00:00Z,45,270,P,snowbed,snow,ERSI3,3
sdl,2003-08-01T00:00:00Z,45,270,P,snowbed,snow,GERO2,48
sdl,2003-08-01T00:00:00Z,45,270,P,snowbed,snow,LUSP4,1
sdl,2003-08-01T00:00:00Z,45,270,P,snowbed,snow,MIBI9,2
sdl,2003-08-01T00:00:00Z,45,270,P,snowbed,snow,POBI6,9
sdl,2003-08-01T00:00:00Z,46,275,P,snowbed,snow,ARSC,15
sdl,2003-08-01T00:00:00Z,46,275,P,snowbed,snow,CAOC4,9
sdl,2003-08-01T00:00:00Z,46,275,P,snowbed,snow,CASC12,15
sdl,2003-08-01T00:00:00Z,46,275,P,snowbed,snow,DECE,18
sdl,2003-08-01T00:00:00Z,46,275,P,snowbed,snow,ERSI3,2
sdl,2003-08-01T00:00:00Z,46,275,P,snowbed,snow,GERO2,37
sdl,2003-08-01T00:00:00Z,46,275,P,snowbed,snow,POBI6,6
sdl,2003-08-01T00:00:00Z,46,275,P,snowbed,snow,POVI3,1
sdl,2003-08-01T00:00:00Z,47,277,P,snowbed,snow,ARSC,6
sdl,2003-08-01T00:00:00Z,47,277,P,snowbed,snow,CAOC4,7
sdl,2003-08-01T00:00:00Z,47,277,P,snowbed,snow,CASC12,10
sdl,2003-08-01T00:00:00Z,47,277,P,snowbed,snow,DECE,22
sdl,2003-08-01T00:00:00Z,47,277,P,snowbed,snow,ERSI3,1
sdl,2003-08-01T00:00:00Z,47,277,P,snowbed,snow,GERO2,33
sdl,2003-08-01T00:00:00Z,47,277,P,snowbed,snow,KOMY,1
sdl,2003-08-01T00:00:00Z,47,277,P,snowbed,snow,MIBI9,1
sdl,2003-08-01T00:00:00Z,47,277,P,snowbed,snow,POBI6,21
sdl,2003-08-01T00:00:00Z,47,277,P,snowbed,snow,POVI3,2
sdl,2003-08-01T00:00:00Z,48,276,P,snowbed,snow,ARSC,1
sdl,2003-08-01T00:00:00Z,48,276,P,snowbed,snow,CASC12,3
sdl,2003-08-01T00:00:00Z,48,276,P,snowbed,snow,DECE,39
sdl,2003-08-01T00:00:00Z,48,276,P,snowbed,snow,GERO2,21
sdl,2003-08-01T00:00:00Z,48,276,P,snowbed,snow,KOMY,2
sdl,2003-08-01T00:00:00Z,48,276,P,snowbed,snow,MIBI9,2
sdl,2003-08-01T00:00:00Z,48,276,P,snowbed,snow,POBI6,22
sdl,2003-07-29T00:00:00Z,49,888,C,dry,snow,2LICHN,2
sdl,2003-07-29T00:00:00Z,49,888,C,dry,snow,2MOSS,6
sdl,2003-07-29T00:00:00Z,49,888,C,dry,snow,ARSC,10
sdl,2003-07-29T00:00:00Z,49,888,C,dry,snow,CAOC4,5
sdl,2003-07-29T00:00:00Z,49,888,C,dry,snow,ERSI3,5
sdl,2003-07-29T00:00:00Z,49,888,C,dry,snow,GERO2,34
sdl,2003-07-29T00:00:00Z,49,888,C,dry,snow,KOMY,9
sdl,2003-07-29T00:00:00Z,49,888,C,dry,snow,LLSE,4
sdl,2003-07-29T00:00:00Z,49,888,C,dry,snow,LUSP4,5
sdl,2003-07-29T00:00:00Z,49,888,C,dry,snow,ORALA,8
sdl,2003-07-29T00:00:00Z,49,888,C,dry,snow,POBI6,4
sdl,2003-07-29T00:00:00Z,49,888,C,dry,snow,POVI3,5
sdl,2003-07-29T00:00:00Z,49,888,C,dry,snow,SARH2,2
sdl,2003-07-29T00:00:00Z,49,888,C,dry,snow,SEDES,5
sdl,2003-07-29T00:00:00Z,49,888,C,dry,snow,SELA,1
sdl,2003-07-29T00:00:00Z,49,888,C,dry,snow,TRDA2,7
sdl,2003-07-29T00:00:00Z,50,889,C,dry,snow,2LICHN,2
sdl,2003-07-29T00:00:00Z,50,889,C,dry,snow,ARSC,20
sdl,2003-07-29T00:00:00Z,50,889,C,dry,snow,CAOC4,6
sdl,2003-07-29T00:00:00Z,50,889,C,dry,snow,CASC12,24
sdl,2003-07-29T00:00:00Z,50,889,C,dry,snow,GERO2,27
sdl,2003-07-29T00:00:00Z,50,889,C,dry,snow,KOMY,2
sdl,2003-07-29T00:00:00Z,50,889,C,dry,snow,LLSE,2
sdl,2003-07-29T00:00:00Z,50,889,C,dry,snow,LUSP4,2
sdl,2003-07-29T00:00:00Z,50,889,C,dry,snow,POBI6,7
sdl,2003-07-29T00:00:00Z,50,889,C,dry,snow,POVI3,2
sdl,2003-07-29T00:00:00Z,50,889,C,dry,snow,SEDES,1
sdl,2003-07-29T00:00:00Z,50,889,C,dry,snow,TRDA2,7
sdl,2003-07-29T00:00:00Z,51,890,C,dry,snow,2LICHN,1
sdl,2003-07-29T00:00:00Z,51,890,C,dry,snow,ARFEF3,1
sdl,2003-07-29T00:00:00Z,51,890,C,dry,snow,ARSC,15
sdl,2003-07-29T00:00:00Z,51,890,C,dry,snow,CASC12,13
sdl,2003-07-29T00:00:00Z,51,890,C,dry,snow,ERSI3,3
sdl,2003-07-29T00:00:00Z,51,890,C,dry,snow,GERO2,26
sdl,2003-07-29T00:00:00Z,51,890,C,dry,snow,KOMY,1
sdl,2003-07-29T00:00:00Z,51,890,C,dry,snow,LLSE,6
sdl,2003-07-29T00:00:00Z,51,890,C,dry,snow,ORALA,2
sdl,2003-07-29T00:00:00Z,51,890,C,dry,snow,POBI6,5
sdl,2003-07-29T00:00:00Z,51,890,C,dry,snow,PODI2,1
sdl,2003-07-29T00:00:00Z,51,890,C,dry,snow,POVI3,4
sdl,2003-08-01T00:00:00Z,52,891,C,dry,snow,ARFEF3,1
sdl,2003-08-01T00:00:00Z,52,891,C,dry,snow,ARSC,3
sdl,2003-08-01T00:00:00Z,52,891,C,dry,snow,CAOC4,1
sdl,2003-08-01T00:00:00Z,52,891,C,dry,snow,CARO2,1
sdl,2003-08-01T00:00:00Z,52,891,C,dry,snow,CASC12,2
sdl,2003-08-01T00:00:00Z,52,891,C,dry,snow,DECE,32
sdl,2003-08-01T00:00:00Z,52,891,C,dry,snow,ERSI3,11
sdl,2003-08-01T00:00:00Z,52,891,C,dry,snow,GERO2,12
sdl,2003-08-01T00:00:00Z,52,891,C,dry,snow,LLSE,30
sdl,2003-08-01T00:00:00Z,52,891,C,dry,snow,NOFEG,2
sdl,2003-08-01T00:00:00Z,52,891,C,dry,snow,POBI6,6
sdl,2003-08-01T00:00:00Z,52,891,C,dry,snow,POVI3,1
sdl,2003-08-01T00:00:00Z,52,891,C,dry,snow,TRDA2,3
sdl,2003-07-31T00:00:00Z,53,417,N,dry,snow,ARFEF3,1
sdl,2003-07-31T00:00:00Z,53,417,N,dry,snow,ARSC,2
sdl,2003-07-31T00:00:00Z,53,417,N,dry,snow,CASC12,10
sdl,2003-07-31T00:00:00Z,53,417,N,dry,snow,DECE,51
sdl,2003-07-31T00:00:00Z,53,417,N,dry,snow,GERO2,23
sdl,2003-07-31T00:00:00Z,53,417,N,dry,snow,POBI6,2
sdl,2003-07-31T00:00:00Z,53,417,N,dry,snow,TRDA2,9
sdl,2003-07-31T00:00:00Z,54,415,N,dry,snow,ARSC,3
sdl,2003-07-31T00:00:00Z,54,415,N,dry,snow,CASC12,41
sdl,2003-07-31T00:00:00Z,54,415,N,dry,snow,DECE,9
sdl,2003-07-31T00:00:00Z,54,415,N,dry,snow,GERO2,16
sdl,2003-07-31T00:00:00Z,54,415,N,dry,snow,POBI6,5
sdl,2003-07-31T00:00:00Z,54,415,N,dry,snow,RHIN11,1
sdl,2003-07-31T00:00:00Z,54,415,N,dry,snow,SANI8,1
sdl,2003-07-31T00:00:00Z,54,415,N,dry,snow,TRDA2,9
sdl,2003-08-01T00:00:00Z,55,864,N,dry,snow,ARSC,21
sdl,2003-08-01T00:00:00Z,55,864,N,dry,snow,DECE,12
sdl,2003-08-01T00:00:00Z,55,864,N,dry,snow,ERSI3,10
sdl,2003-08-01T00:00:00Z,55,864,N,dry,snow,GERO2,21
sdl,2003-08-01T00:00:00Z,55,864,N,dry,snow,LLSE,4
sdl,2003-08-01T00:00:00Z,55,864,N,dry,snow,ORALA,4
sdl,2003-08-01T00:00:00Z,55,864,N,dry,snow,POAL2,3
sdl,2003-08-01T00:00:00Z,55,864,N,dry,snow,POBI6,11
sdl,2003-08-01T00:00:00Z,55,864,N,dry,snow,TRDA2,7
sdl,2003-08-01T00:00:00Z,56,413,N,dry,snow,ARFEF3,3
sdl,2003-08-01T00:00:00Z,56,413,N,dry,snow,ARSC,30
sdl,2003-08-01T00:00:00Z,56,413,N,dry,snow,CARO2,6
sdl,2003-08-01T00:00:00Z,56,413,N,dry,snow,ERSI3,10
sdl,2003-08-01T00:00:00Z,56,413,N,dry,snow,GERO2,21
sdl,2003-08-01T00:00:00Z,56,413,N,dry,snow,LLSE,11
sdl,2003-08-01T00:00:00Z,56,413,N,dry,snow,ORALA,4
sdl,2003-08-01T00:00:00Z,56,413,N,dry,snow,POBI6,7
sdl,2003-08-01T00:00:00Z,56,413,N,dry,snow,POVI3,2
sdl,2003-08-01T00:00:00Z,56,413,N,dry,snow,TRDA2,5
sdl,2003-07-29T00:00:00Z,57,868,N+P,dry,snow,2LICHN,1
sdl,2003-07-29T00:00:00Z,57,868,N+P,dry,snow,ARSC,3
sdl,2003-07-29T00:00:00Z,57,868,N+P,dry,snow,CASC12,27
sdl,2003-07-29T00:00:00Z,57,868,N+P,dry,snow,DECE,11
sdl,2003-07-29T00:00:00Z,57,868,N+P,dry,snow,GERO2,30
sdl,2003-07-29T00:00:00Z,57,868,N+P,dry,snow,LLSE,1
sdl,2003-07-29T00:00:00Z,57,868,N+P,dry,snow,ORALA,1
sdl,2003-07-29T00:00:00Z,57,868,N+P,dry,snow,POBI6,4
sdl,2003-07-29T00:00:00Z,57,868,N+P,dry,snow,TRDA2,2
sdl,2003-07-29T00:00:00Z,57,868,N+P,dry,snow,TRSP2,5
sdl,2003-07-29T00:00:00Z,58,894,N+P,dry,snow,ARSC,1
sdl,2003-07-29T00:00:00Z,58,894,N+P,dry,snow,CASC12,24
sdl,2003-07-29T00:00:00Z,58,894,N+P,dry,snow,DECE,10
sdl,2003-07-29T00:00:00Z,58,894,N+P,dry,snow,ERSI3,1
sdl,2003-07-29T00:00:00Z,58,894,N+P,dry,snow,GERO2,22
sdl,2003-07-29T00:00:00Z,58,894,N+P,dry,snow,LLSE,1
sdl,2003-07-29T00:00:00Z,58,894,N+P,dry,snow,POBI6,2
sdl,2003-07-29T00:00:00Z,58,894,N+P,dry,snow,POVI3,1
sdl,2003-07-29T00:00:00Z,58,894,N+P,dry,snow,TRDA2,7
sdl,2003-07-29T00:00:00Z,58,894,N+P,dry,snow,TRSP2,1
sdl,2003-08-01T00:00:00Z,59,866,N+P,dry,snow,ARFEF3,4
sdl,2003-08-01T00:00:00Z,59,866,N+P,dry,snow,ARSC,25
sdl,2003-08-01T00:00:00Z,59,866,N+P,dry,snow,CASC12,1
sdl,2003-08-01T00:00:00Z,59,866,N+P,dry,snow,ERSI3,2
sdl,2003-08-01T00:00:00Z,59,866,N+P,dry,snow,GERO2,41
sdl,2003-08-01T00:00:00Z,59,866,N+P,dry,snow,KOMY,1
sdl,2003-08-01T00:00:00Z,59,866,N+P,dry,snow,LLSE,1
sdl,2003-08-01T00:00:00Z,59,866,N+P,dry,snow,LUSP4,3
sdl,2003-08-01T00:00:00Z,59,866,N+P,dry,snow,ORALA,2
sdl,2003-08-01T00:00:00Z,59,866,N+P,dry,snow,POBI6,10
sdl,2003-08-01T00:00:00Z,59,866,N+P,dry,snow,PODI2,2
sdl,2003-08-01T00:00:00Z,60,869,N+P,dry,snow,ANSE4,2
sdl,2003-08-01T00:00:00Z,60,869,N+P,dry,snow,ARFEF3,1
sdl,2003-08-01T00:00:00Z,60,869,N+P,dry,snow,ARSC,9
sdl,2003-08-01T00:00:00Z,60,869,N+P,dry,snow,CARO2,2
sdl,2003-08-01T00:00:00Z,60,869,N+P,dry,snow,DECE,2
sdl,2003-08-01T00:00:00Z,60,869,N+P,dry,snow,ERSI3,6
sdl,2003-08-01T00:00:00Z,60,869,N+P,dry,snow,GERO2,32
sdl,2003-08-01T00:00:00Z,60,869,N+P,dry,snow,LUSP4,2
sdl,2003-08-01T00:00:00Z,60,869,N+P,dry,snow,ORALA,7
sdl,2003-08-01T00:00:00Z,60,869,N+P,dry,snow,POAL2,8
sdl,2003-08-01T00:00:00Z,60,869,N+P,dry,snow,POBI6,5
sdl,2003-08-01T00:00:00Z,60,869,N+P,dry,snow,POVI,2
sdl,2003-08-01T00:00:00Z,60,869,N+P,dry,snow,TRDA2,1
sdl,2003-07-28T00:00:00Z,61,400,P,dry,snow,ARSC,4
sdl,2003-07-28T00:00:00Z,61,400,P,dry,snow,CAOC4,3
sdl,2003-07-28T00:00:00Z,61,400,P,dry,snow,CASC12,4
sdl,2003-07-28T00:00:00Z,61,400,P,dry,snow,DECE,3
sdl,2003-07-28T00:00:00Z,61,400,P,dry,snow,ERSI3,3
sdl,2003-07-28T00:00:00Z,61,400,P,dry,snow,GERO2,44
sdl,2003-07-28T00:00:00Z,61,400,P,dry,snow,KOMY,2
sdl,2003-07-28T00:00:00Z,61,400,P,dry,snow,LLSE,3
sdl,2003-07-28T00:00:00Z,61,400,P,dry,snow,POBI6,2
sdl,2003-07-28T00:00:00Z,61,400,P,dry,snow,PODI2,7
sdl,2003-07-28T00:00:00Z,61,400,P,dry,snow,RHIN11,2
sdl,2003-07-28T00:00:00Z,61,400,P,dry,snow,RHRH4,1
sdl,2003-07-28T00:00:00Z,61,400,P,dry,snow,TRDA2,11
sdl,2003-08-01T00:00:00Z,62,416,P,dry,snow,ARSC,10
sdl,2003-08-01T00:00:00Z,62,416,P,dry,snow,CAOC4,4
sdl,2003-08-01T00:00:00Z,62,416,P,dry,snow,DECE,13
sdl,2003-08-01T00:00:00Z,62,416,P,dry,snow,GERO2,52
sdl,2003-08-01T00:00:00Z,62,416,P,dry,snow,POBI6,3
sdl,2003-08-01T00:00:00Z,62,416,P,dry,snow,POVI3,1
sdl,2003-08-01T00:00:00Z,62,416,P,dry,snow,TRDA2,5
sdl,2003-08-01T00:00:00Z,62,416,P,dry,snow,TRSP2,2
sdl,2003-07-31T00:00:00Z,63,414,P,dry,snow,ARSC,12
sdl,2003-07-31T00:00:00Z,63,414,P,dry,snow,CAOC4,6
sdl,2003-07-31T00:00:00Z,63,414,P,dry,snow,DECE,31
sdl,2003-07-31T00:00:00Z,63,414,P,dry,snow,GERO2,21
sdl,2003-07-31T00:00:00Z,63,414,P,dry,snow,LLSE,3
sdl,2003-07-31T00:00:00Z,63,414,P,dry,snow,NOFEG,1
sdl,2003-07-31T00:00:00Z,63,414,P,dry,snow,POAL2,2
sdl,2003-07-31T00:00:00Z,63,414,P,dry,snow,POBI6,5
sdl,2003-07-31T00:00:00Z,63,414,P,dry,snow,TRDA2,12
sdl,2003-07-29T00:00:00Z,64,412,P,dry,snow,2LICHN,3
sdl,2003-07-29T00:00:00Z,64,412,P,dry,snow,ARFEF3,4
sdl,2003-07-29T00:00:00Z,64,412,P,dry,snow,ARSC,10
sdl,2003-07-29T00:00:00Z,64,412,P,dry,snow,CARO2,1
sdl,2003-07-29T00:00:00Z,64,412,P,dry,snow,ERSI3,7
sdl,2003-07-29T00:00:00Z,64,412,P,dry,snow,GERO2,27
sdl,2003-07-29T00:00:00Z,64,412,P,dry,snow,KOMY,1
sdl,2003-07-29T00:00:00Z,64,412,P,dry,snow,LLSE,4
sdl,2003-07-29T00:00:00Z,64,412,P,dry,snow,MIBI9,6
sdl,2003-07-29T00:00:00Z,64,412,P,dry,snow,NOFEG,4
sdl,2003-07-29T00:00:00Z,64,412,P,dry,snow,ORALA,7
sdl,2003-07-29T00:00:00Z,64,412,P,dry,snow,POBI6,5
sdl,2003-07-29T00:00:00Z,64,412,P,dry,snow,POGL,2
sdl,2003-07-29T00:00:00Z,64,412,P,dry,snow,POVI3,1
sdl,2003-07-29T00:00:00Z,64,412,P,dry,snow,SELA,2
sdl,2003-07-29T00:00:00Z,64,412,P,dry,snow,TRDA2,5
sdl,2003-07-28T00:00:00Z,65,885,C,mesic,snow,ARSC,2
sdl,2003-07-28T00:00:00Z,65,885,C,mesic,snow,CAPU,5
sdl,2003-07-28T00:00:00Z,65,885,C,mesic,snow,CASC12,1
sdl,2003-07-28T00:00:00Z,65,885,C,mesic,snow,DECE,25
sdl,2003-07-28T00:00:00Z,65,885,C,mesic,snow,ERSI3,1
sdl,2003-07-28T00:00:00Z,65,885,C,mesic,snow,GERO2,32
sdl,2003-07-28T00:00:00Z,65,885,C,mesic,snow,KOMY,1
sdl,2003-07-28T00:00:00Z,65,885,C,mesic,snow,LLSE,2
sdl,2003-07-28T00:00:00Z,65,885,C,mesic,snow,POAL2,1
sdl,2003-07-28T00:00:00Z,65,885,C,mesic,snow,POBI6,9
sdl,2003-07-28T00:00:00Z,65,885,C,mesic,snow,PODI2,3
sdl,2003-07-28T00:00:00Z,65,885,C,mesic,snow,TRDA2,1
sdl,2003-07-24T00:00:00Z,66,883,C,mesic,snow,ARSC,14
sdl,2003-07-24T00:00:00Z,66,883,C,mesic,snow,CAOC4,1
sdl,2003-07-24T00:00:00Z,66,883,C,mesic,snow,CASC12,8
sdl,2003-07-24T00:00:00Z,66,883,C,mesic,snow,DECE,2
sdl,2003-07-24T00:00:00Z,66,883,C,mesic,snow,GERO2,17
sdl,2003-07-24T00:00:00Z,66,883,C,mesic,snow,KOMY,4
sdl,2003-07-24T00:00:00Z,66,883,C,mesic,snow,LLSE,2
sdl,2003-07-24T00:00:00Z,66,883,C,mesic,snow,POBI6,7
sdl,2003-07-24T00:00:00Z,66,883,C,mesic,snow,POVI3,6
sdl,2003-07-24T00:00:00Z,66,883,C,mesic,snow,SANI8,12
sdl,2003-07-24T00:00:00Z,66,883,C,mesic,snow,TRDA2,18
sdl,2003-07-28T00:00:00Z,67,882,C,mesic,snow,ARSC,19
sdl,2003-07-28T00:00:00Z,67,882,C,mesic,snow,CASC12,9
sdl,2003-07-28T00:00:00Z,67,882,C,mesic,snow,DECE,5
sdl,2003-07-28T00:00:00Z,67,882,C,mesic,snow,GERO2,21
sdl,2003-07-28T00:00:00Z,67,882,C,mesic,snow,LLSE,3
sdl,2003-07-28T00:00:00Z,67,882,C,mesic,snow,POBI6,5
sdl,2003-07-28T00:00:00Z,67,882,C,mesic,snow,POVI3,2
sdl,2003-07-28T00:00:00Z,67,882,C,mesic,snow,SANI8,21
sdl,2003-07-28T00:00:00Z,67,882,C,mesic,snow,TRDA2,19
sdl,2003-08-01T00:00:00Z,68,887,C,mesic,snow,ARSC,18
sdl,2003-08-01T00:00:00Z,68,887,C,mesic,snow,DECE,10
sdl,2003-08-01T00:00:00Z,68,887,C,mesic,snow,ERSI3,12
sdl,2003-08-01T00:00:00Z,68,887,C,mesic,snow,GERO2,8
sdl,2003-08-01T00:00:00Z,68,887,C,mesic,snow,LLSE,17
sdl,2003-08-01T00:00:00Z,68,887,C,mesic,snow,ORALA,7
sdl,2003-08-01T00:00:00Z,68,887,C,mesic,snow,POBI6,9
sdl,2003-08-01T00:00:00Z,68,887,C,mesic,snow,POVI3,2
sdl,2003-08-01T00:00:00Z,68,887,C,mesic,snow,TRDA2,9
sdl,2003-07-28T00:00:00Z,70,884,N,mesic,snow,2MOSS,2
sdl,2003-07-28T00:00:00Z,70,884,N,mesic,snow,ARSC,4
sdl,2003-07-28T00:00:00Z,70,884,N,mesic,snow,CASC12,10
sdl,2003-07-28T00:00:00Z,70,884,N,mesic,snow,DECE,3
sdl,2003-07-28T00:00:00Z,70,884,N,mesic,snow,GERO2,25
sdl,2003-07-28T00:00:00Z,70,884,N,mesic,snow,KOMY,1
sdl,2003-07-28T00:00:00Z,70,884,N,mesic,snow,POAL2,5
sdl,2003-07-28T00:00:00Z,70,884,N,mesic,snow,POBI6,4
sdl,2003-07-28T00:00:00Z,70,884,N,mesic,snow,PODI2,2
sdl,2003-07-28T00:00:00Z,70,884,N,mesic,snow,SANI8,3
sdl,2003-07-28T00:00:00Z,70,884,N,mesic,snow,TRDA2,31
sdl,2003-07-28T00:00:00Z,71,419,N,mesic,snow,ARSC,10
sdl,2003-07-28T00:00:00Z,71,419,N,mesic,snow,CALE4,3
sdl,2003-07-28T00:00:00Z,71,419,N,mesic,snow,CASC12,45
sdl,2003-07-28T00:00:00Z,71,419,N,mesic,snow,DECE,13
sdl,2003-07-28T00:00:00Z,71,419,N,mesic,snow,GERO2,16
sdl,2003-07-28T00:00:00Z,71,419,N,mesic,snow,POBI6,1
sdl,2003-07-28T00:00:00Z,71,419,N,mesic,snow,SAGL,9
sdl,2003-07-28T00:00:00Z,71,419,N,mesic,snow,TRDA2,3
sdl,2003-07-31T00:00:00Z,72,880,N,mesic,snow,ARSC,5
sdl,2003-07-31T00:00:00Z,72,880,N,mesic,snow,DECE,50
sdl,2003-07-31T00:00:00Z,72,880,N,mesic,snow,GERO2,32
sdl,2003-07-31T00:00:00Z,72,880,N,mesic,snow,LLSE,1
sdl,2003-07-31T00:00:00Z,72,880,N,mesic,snow,POBI6,2
sdl,2003-07-31T00:00:00Z,72,880,N,mesic,snow,SAGL,3
sdl,2003-07-31T00:00:00Z,72,880,N,mesic,snow,TRDA2,6
sdl,2003-07-28T00:00:00Z,73,877,N+P,mesic,snow,CASC12,52
sdl,2003-07-28T00:00:00Z,73,877,N+P,mesic,snow,DECE,11
sdl,2003-07-28T00:00:00Z,73,877,N+P,mesic,snow,GERO2,35
sdl,2003-07-28T00:00:00Z,73,877,N+P,mesic,snow,LLSE,1
sdl,2003-07-28T00:00:00Z,73,877,N+P,mesic,snow,POBI6,2
sdl,2003-07-28T00:00:00Z,73,877,N+P,mesic,snow,TRDA2,2
sdl,2003-07-28T00:00:00Z,74,873,N+P,mesic,snow,ARSC,3
sdl,2003-07-28T00:00:00Z,74,873,N+P,mesic,snow,CAOC4,1
sdl,2003-07-28T00:00:00Z,74,873,N+P,mesic,snow,CASC12,54
sdl,2003-07-28T00:00:00Z,74,873,N+P,mesic,snow,DECE,10
sdl,2003-07-28T00:00:00Z,74,873,N+P,mesic,snow,ERPI6,1
sdl,2003-07-28T00:00:00Z,74,873,N+P,mesic,snow,GERO2,14
sdl,2003-07-28T00:00:00Z,74,873,N+P,mesic,snow,POBI6,2
sdl,2003-07-28T00:00:00Z,74,873,N+P,mesic,snow,POVI3,1
sdl,2003-07-28T00:00:00Z,74,873,N+P,mesic,snow,TRDA2,4
sdl,2003-07-31T00:00:00Z,75,871,N+P,mesic,snow,ARSC,17
sdl,2003-07-31T00:00:00Z,75,871,N+P,mesic,snow,CASC12,36
sdl,2003-07-31T00:00:00Z,75,871,N+P,mesic,snow,DECE,1
sdl,2003-07-31T00:00:00Z,75,871,N+P,mesic,snow,ERSI3,7
sdl,2003-07-31T00:00:00Z,75,871,N+P,mesic,snow,GERO2,33
sdl,2003-07-31T00:00:00Z,75,871,N+P,mesic,snow,ORALA,7
sdl,2003-07-31T00:00:00Z,75,871,N+P,mesic,snow,POBI6,11
sdl,2003-07-31T00:00:00Z,75,871,N+P,mesic,snow,POVI,1
sdl,2003-07-29T00:00:00Z,76,886,N+P,mesic,snow,CAAL6,1
sdl,2003-07-29T00:00:00Z,76,886,N+P,mesic,snow,CASC12,22
sdl,2003-07-29T00:00:00Z,76,886,N+P,mesic,snow,DECE,12
sdl,2003-07-29T00:00:00Z,76,886,N+P,mesic,snow,GERO2,32
sdl,2003-07-29T00:00:00Z,76,886,N+P,mesic,snow,POBI6,2
sdl,2003-07-28T00:00:00Z,77,420,P,mesic,snow,2MOSS,1
sdl,2003-07-28T00:00:00Z,77,420,P,mesic,snow,ARSC,14
sdl,2003-07-28T00:00:00Z,77,420,P,mesic,snow,CASC12,14
sdl,2003-07-28T00:00:00Z,77,420,P,mesic,snow,DECE,15
sdl,2003-07-28T00:00:00Z,77,420,P,mesic,snow,GERO2,32
sdl,2003-07-28T00:00:00Z,77,420,P,mesic,snow,LLSE,1
sdl,2003-07-28T00:00:00Z,77,420,P,mesic,snow,POAL2,1
sdl,2003-07-28T00:00:00Z,77,420,P,mesic,snow,POBI6,1
sdl,2003-07-28T00:00:00Z,77,420,P,mesic,snow,PODI2,1
sdl,2003-07-28T00:00:00Z,77,420,P,mesic,snow,TRDA2,5
sdl,2003-07-28T00:00:00Z,78,418,P,mesic,snow,ARSC,4
sdl,2003-07-28T00:00:00Z,78,418,P,mesic,snow,CAAL6,4
sdl,2003-07-28T00:00:00Z,78,418,P,mesic,snow,CAOC4,2
sdl,2003-07-28T00:00:00Z,78,418,P,mesic,snow,CASC12,42
sdl,2003-07-28T00:00:00Z,78,418,P,mesic,snow,DECE,14
sdl,2003-07-28T00:00:00Z,78,418,P,mesic,snow,ERSI3,2
sdl,2003-07-28T00:00:00Z,78,418,P,mesic,snow,GERO2,21
sdl,2003-07-28T00:00:00Z,78,418,P,mesic,snow,POBI6,2
sdl,2003-07-28T00:00:00Z,78,418,P,mesic,snow,TRDA2,2
sdl,2003-07-28T00:00:00Z,78,418,P,mesic,snow,TRPAP,2
sdl,2003-08-01T00:00:00Z,79,872,P,mesic,snow,ARSC,5
sdl,2003-08-01T00:00:00Z,79,872,P,mesic,snow,CASC12,24
sdl,2003-08-01T00:00:00Z,79,872,P,mesic,snow,DECE,16
sdl,2003-08-01T00:00:00Z,79,872,P,mesic,snow,GERO2,32
sdl,2003-08-01T00:00:00Z,79,872,P,mesic,snow,SAGL,6
sdl,2003-08-01T00:00:00Z,79,872,P,mesic,snow,TRDA2,21
sdl,2003-08-01T00:00:00Z,80,881,P,mesic,snow,2LICHN,1
sdl,2003-08-01T00:00:00Z,80,881,P,mesic,snow,2MOSS,4
sdl,2003-08-01T00:00:00Z,80,881,P,mesic,snow,ARSC,13
sdl,2003-08-01T00:00:00Z,80,881,P,mesic,snow,CAOC4,3
sdl,2003-08-01T00:00:00Z,80,881,P,mesic,snow,DECE,28
sdl,2003-08-01T00:00:00Z,80,881,P,mesic,snow,ERSI3,21
sdl,2003-08-01T00:00:00Z,80,881,P,mesic,snow,GERO2,23
sdl,2003-08-01T00:00:00Z,80,881,P,mesic,snow,LEPY2,1
sdl,2003-08-01T00:00:00Z,80,881,P,mesic,snow,ORALA,7
sdl,2003-08-01T00:00:00Z,80,881,P,mesic,snow,POBI6,10
sdl,2003-08-01T00:00:00Z,80,881,P,mesic,snow,PODI2,4
sdl,2003-07-28T00:00:00Z,NA,875,N,NA,NA,2LICHN,1
sdl,2003-07-31T00:00:00Z,NA,269,N,NA,NA,ARFEF3,6
sdl,2003-07-28T00:00:00Z,NA,875,N,NA,NA,ARFEF3,3
sdl,2003-07-31T00:00:00Z,NA,269,N,NA,NA,ARSC,8
sdl,2003-07-28T00:00:00Z,NA,875,N,NA,NA,ARSC,2
sdl,2003-07-31T00:00:00Z,NA,269,N,NA,NA,CASC12,10
sdl,2003-07-28T00:00:00Z,NA,875,N,NA,NA,CASC12,53
sdl,2003-07-31T00:00:00Z,NA,269,N,NA,NA,DECE,16
sdl,2003-07-28T00:00:00Z,NA,875,N,NA,NA,DECE,6
sdl,2003-07-31T00:00:00Z,NA,269,N,NA,NA,ERSI3,1
sdl,2003-07-31T00:00:00Z,NA,269,N,NA,NA,GERO2,30
sdl,2003-07-28T00:00:00Z,NA,875,N,NA,NA,GERO2,2
sdl,2003-07-31T00:00:00Z,NA,269,N,NA,NA,KOMY,1
sdl,2003-07-31T00:00:00Z,NA,269,N,NA,NA,LLSE,11
sdl,2003-07-31T00:00:00Z,NA,269,N,NA,NA,MIBI9,1
sdl,2003-07-31T00:00:00Z,NA,269,N,NA,NA,POBI6,7
sdl,2003-07-28T00:00:00Z,NA,875,N,NA,NA,POBI6,2
sdl,2003-07-31T00:00:00Z,NA,269,N,NA,NA,TRDA2,1
sdl,2003-07-28T00:00:00Z,NA,875,N,NA,NA,TRDA2,18
sdl,2003-07-31T00:00:00Z,NA,269,N,NA,NA,TRSP2,3
