site,yr,plotid,clean_code2,hits
nutnet,2013,B1_1,2BARE,12
nutnet,2013,B1_1,2FORB,1
nutnet,2013,B1_1,2LTR,9
nutnet,2013,B1_1,ALGE,2
nutnet,2013,B1_1,ARFEF3,1
nutnet,2013,B1_1,ARSC,4
nutnet,2013,B1_1,CARUD,28
nutnet,2013,B1_1,CAUN2,5
nutnet,2013,B1_1,DECE,2
nutnet,2013,B1_1,ERNA,1
nutnet,2013,B1_1,FEBR,4
nutnet,2013,B1_1,GERO2,17
nutnet,2013,B1_1,KOMY,18
nutnet,2013,B1_1,LLSE,9
nutnet,2013,B1_1,MIOB2,8
nutnet,2013,B1_1,ORAL,6
nutnet,2013,B1_1,PEPA3,2
nutnet,2013,B1_1,POAL2,3
nutnet,2013,B1_1,POBI6,1
nutnet,2013,B1_1,SEDES,8
nutnet,2013,B1_1,SELA,1
nutnet,2013,B1_1,SIACS2,4
nutnet,2013,B1_1,SOSIN,1
nutnet,2013,B1_1,TEACC,1
nutnet,2013,B1_1,TEGR3,4
nutnet,2013,B1_1,VIOLA,1
nutnet,2013,B1_2,2BARE,5
nutnet,2013,B1_2,2LICHN,2
nutnet,2013,B1_2,2LTR,7
nutnet,2013,B1_2,ACMIA,2
nutnet,2013,B1_2,ARFEF3,3
nutnet,2013,B1_2,CARUD,4
nutnet,2013,B1_2,CAUN2,8
nutnet,2013,B1_2,KOMY,66
nutnet,2013,B1_2,LLSE,5
nutnet,2013,B1_2,MELA3,1
nutnet,2013,B1_2,MIOB2,6
nutnet,2013,B1_2,ORAL,21
nutnet,2013,B1_2,PHPU5,5
nutnet,2013,B1_2,POAL2,1
nutnet,2013,B1_2,POBI6,1
nutnet,2013,B1_2,POVI3,2
nutnet,2013,B1_2,SARH2,1
nutnet,2013,B1_2,SEDES,6
nutnet,2013,B1_2,TEACC,4
nutnet,2013,B1_2,VIOLA,1
nutnet,2013,B1_3,2BARE,3
nutnet,2013,B1_3,2LTR,10
nutnet,2013,B1_3,2MOSS,3
nutnet,2013,B1_3,ANAL4,2
nutnet,2013,B1_3,ARSC,18
nutnet,2013,B1_3,CAPU,1
nutnet,2013,B1_3,CARO2,4
nutnet,2013,B1_3,CARUD,12
nutnet,2013,B1_3,CASC12,2
nutnet,2013,B1_3,CAUN2,1
nutnet,2013,B1_3,CEARS2,1
nutnet,2013,B1_3,CHJA,7
nutnet,2013,B1_3,FEBR,4
nutnet,2013,B1_3,GERO2,25
nutnet,2013,B1_3,KOMY,5
nutnet,2013,B1_3,LEPY2,1
nutnet,2013,B1_3,LLSE,3
nutnet,2013,B1_3,MIOB2,8
nutnet,2013,B1_3,PHPU5,2
nutnet,2013,B1_3,POBI6,2
nutnet,2013,B1_3,PODI2,1
nutnet,2013,B1_3,POVI3,5
nutnet,2013,B1_3,SEDES,15
nutnet,2013,B1_3,SELA,3
nutnet,2013,B1_3,TEGR3,3
nutnet,2013,B1_3,TRSP2,3
nutnet,2013,B1_4,2BARE,1
nutnet,2013,B1_4,2LTR,2
nutnet,2013,B1_4,ALGE,8
nutnet,2013,B1_4,ANAL4,1
nutnet,2013,B1_4,ARFEF3,6
nutnet,2013,B1_4,ARSC,7
nutnet,2013,B1_4,CAPU,2
nutnet,2013,B1_4,CARO2,3
nutnet,2013,B1_4,CARUD,12
nutnet,2013,B1_4,CASC12,8
nutnet,2013,B1_4,CAUN2,4
nutnet,2013,B1_4,CEARS2,1
nutnet,2013,B1_4,DECE,2
nutnet,2013,B1_4,ERNA,1
nutnet,2013,B1_4,FEBR,3
nutnet,2013,B1_4,GERO2,10
nutnet,2013,B1_4,KOMY,26
nutnet,2013,B1_4,LLSE,7
nutnet,2013,B1_4,LUSP4,9
nutnet,2013,B1_4,MELA3,4
nutnet,2013,B1_4,MIOB2,9
nutnet,2013,B1_4,ORAL,14
nutnet,2013,B1_4,PHPU5,9
nutnet,2013,B1_4,POBI6,3
nutnet,2013,B1_4,PODI2,5
nutnet,2013,B1_4,POVI3,3
nutnet,2013,B1_4,SEDES,10
nutnet,2013,B1_4,SELA,7
nutnet,2013,B1_4,SIACS2,3
nutnet,2013,B1_4,TEGR3,9
nutnet,2013,B1_4,TRSP2,4
nutnet,2013,B1_5,2BARE,1
nutnet,2013,B1_5,2LTR,14
nutnet,2013,B1_5,ALGE,8
nutnet,2013,B1_5,ARFEF3,7
nutnet,2013,B1_5,ARSC,4
nutnet,2013,B1_5,CAREX,2
nutnet,2013,B1_5,CARO2,4
nutnet,2013,B1_5,CARUD,14
nutnet,2013,B1_5,CAUN2,3
nutnet,2013,B1_5,CHJA,2
nutnet,2013,B1_5,DECE,1
nutnet,2013,B1_5,FEBR,6
nutnet,2013,B1_5,GERO2,1
nutnet,2013,B1_5,KOMY,35
nutnet,2013,B1_5,LEPY2,3
nutnet,2013,B1_5,LLSE,2
nutnet,2013,B1_5,MIOB2,11
nutnet,2013,B1_5,ORAL,2
nutnet,2013,B1_5,PHPU5,3
nutnet,2013,B1_5,POARG,3
nutnet,2013,B1_5,POBI6,1
nutnet,2013,B1_5,POVI3,3
nutnet,2013,B1_5,SARH2,1
nutnet,2013,B1_5,SEDES,9
nutnet,2013,B1_5,SELA,5
nutnet,2013,B1_5,SOSIN,5
nutnet,2013,B1_5,TEGR3,1
nutnet,2013,B1_5,TRPAP,12
nutnet,2013,B1_5,TRSP2,2
nutnet,2013,B1_6,2LTR,1
nutnet,2013,B1_6,ARFEF3,4
nutnet,2013,B1_6,CARUD,40
nutnet,2013,B1_6,CAUN2,12
nutnet,2013,B1_6,CEARS2,1
nutnet,2013,B1_6,DECE,2
nutnet,2013,B1_6,ERNA,1
nutnet,2013,B1_6,FEBR,2
nutnet,2013,B1_6,KOMY,53
nutnet,2013,B1_6,LLSE,9
nutnet,2013,B1_6,MELA3,2
nutnet,2013,B1_6,MIOB2,3
nutnet,2013,B1_6,ORAL,13
nutnet,2013,B1_6,PEPA3,4
nutnet,2013,B1_6,PHPU5,5
nutnet,2013,B1_6,POARG,2
nutnet,2013,B1_6,POBI6,2
nutnet,2013,B1_6,POVI3,2
nutnet,2013,B1_6,SARH2,1
nutnet,2013,B1_6,SEDES,2
nutnet,2013,B1_6,SELA,2
nutnet,2013,B1_6,SIACS2,9
nutnet,2013,B1_6,TEACC,2
nutnet,2013,B1_6,TEGR3,3
nutnet,2013,B1_6,TRSP2,1
nutnet,2013,B1_6,VIOLA,1
nutnet,2013,B1_7,ALGE,10
nutnet,2013,B1_7,ARFEF3,15
nutnet,2013,B1_7,CARO2,2
nutnet,2013,B1_7,CARUD,25
nutnet,2013,B1_7,CASC12,1
nutnet,2013,B1_7,CAUN2,8
nutnet,2013,B1_7,CEARS2,15
nutnet,2013,B1_7,DECE,1
nutnet,2013,B1_7,ERCA14,2
nutnet,2013,B1_7,ERSI3,3
nutnet,2013,B1_7,FEBR,4
nutnet,2013,B1_7,GERO2,2
nutnet,2013,B1_7,KOMY,38
nutnet,2013,B1_7,LLSE,8
nutnet,2013,B1_7,MELA3,4
nutnet,2013,B1_7,MIOB2,5
nutnet,2013,B1_7,ORAL,22
nutnet,2013,B1_7,PEPA3,5
nutnet,2013,B1_7,PHPU5,2
nutnet,2013,B1_7,POAL2,5
nutnet,2013,B1_7,POARG,5
nutnet,2013,B1_7,POBI6,3
nutnet,2013,B1_7,PODI2,10
nutnet,2013,B1_7,POPU3,2
nutnet,2013,B1_7,PRAN,2
nutnet,2013,B1_7,SEDES,1
nutnet,2013,B1_7,SELA,3
nutnet,2013,B1_7,SIACS2,3
nutnet,2013,B1_7,SOSIN,4
nutnet,2013,B1_7,TEACC,1
nutnet,2013,B1_7,TEGR3,10
nutnet,2013,B1_7,TRSP2,11
nutnet,2013,B1_7,VIOLA,5
nutnet,2013,B1_8,2FORB,1
nutnet,2013,B1_8,2GRAM,1
nutnet,2013,B1_8,ALGE,11
nutnet,2013,B1_8,ARFEF3,5
nutnet,2013,B1_8,ARSC,1
nutnet,2013,B1_8,CAPU,1
nutnet,2013,B1_8,CARUD,13
nutnet,2013,B1_8,CASC12,18
nutnet,2013,B1_8,CAUN2,18
nutnet,2013,B1_8,DECE,5
nutnet,2013,B1_8,DRST4,1
nutnet,2013,B1_8,ERSI3,1
nutnet,2013,B1_8,FEBR,3
nutnet,2013,B1_8,GERO2,15
nutnet,2013,B1_8,HEMO3,4
nutnet,2013,B1_8,KOMY,68
nutnet,2013,B1_8,LLSE,3
nutnet,2013,B1_8,MELA3,10
nutnet,2013,B1_8,MIOB2,2
nutnet,2013,B1_8,ORAL,28
nutnet,2013,B1_8,PHPU5,2
nutnet,2013,B1_8,POAL2,3
nutnet,2013,B1_8,POBI6,2
nutnet,2013,B1_8,PODI2,4
nutnet,2013,B1_8,SOSIN,1
nutnet,2013,B1_8,TEGR3,4
nutnet,2013,B1_8,TRSP2,8
nutnet,2013,B1_8,VIOLA,1
nutnet,2013,B1_9,2BARE,1
nutnet,2013,B1_9,2LICHN,4
nutnet,2013,B1_9,2LTR,1
nutnet,2013,B1_9,2RF,4
nutnet,2013,B1_9,ALGE,7
nutnet,2013,B1_9,ARFEF3,1
nutnet,2013,B1_9,ARSC,5
nutnet,2013,B1_9,CARUD,34
nutnet,2013,B1_9,CASC12,14
nutnet,2013,B1_9,CAUN2,1
nutnet,2013,B1_9,CEARS2,1
nutnet,2013,B1_9,DECE,1
nutnet,2013,B1_9,ERNA,1
nutnet,2013,B1_9,FEBR,1
nutnet,2013,B1_9,GERO2,25
nutnet,2013,B1_9,KOMY,16
nutnet,2013,B1_9,MELA3,2
nutnet,2013,B1_9,MIOB2,11
nutnet,2013,B1_9,ORAL,13
nutnet,2013,B1_9,PEPA3,1
nutnet,2013,B1_9,PHPU5,6
nutnet,2013,B1_9,POARG,4
nutnet,2013,B1_9,POBI6,1
nutnet,2013,B1_9,PODI2,13
nutnet,2013,B1_9,POPU3,8
nutnet,2013,B1_9,POVI3,9
nutnet,2013,B1_9,SEDES,7
nutnet,2013,B1_9,SIACS2,5
nutnet,2013,B1_9,TEACC,6
nutnet,2013,B1_9,TEGR3,4
nutnet,2013,B1_9,TRPAP,9
nutnet,2013,B1_9,VIOLA,1
nutnet,2013,B1_10,2LTR,2
nutnet,2013,B1_10,ALGE,11
nutnet,2013,B1_10,ANSE4,12
nutnet,2013,B1_10,ARSC,6
nutnet,2013,B1_10,CAREX,4
nutnet,2013,B1_10,CARO2,5
nutnet,2013,B1_10,CARUD,36
nutnet,2013,B1_10,CEARS2,7
nutnet,2013,B1_10,DECE,3
nutnet,2013,B1_10,ERCA14,1
nutnet,2013,B1_10,ERME2,2
nutnet,2013,B1_10,ERPI6,2
nutnet,2013,B1_10,FEBR,15
nutnet,2013,B1_10,GERO2,7
nutnet,2013,B1_10,KOMY,5
nutnet,2013,B1_10,LLSE,3
nutnet,2013,B1_10,LUSP4,1
nutnet,2013,B1_10,MELA3,6
nutnet,2013,B1_10,MIOB2,16
nutnet,2013,B1_10,ORAL,7
nutnet,2013,B1_10,PAPU2,3
nutnet,2013,B1_10,PHPU5,17
nutnet,2013,B1_10,POARG,4
nutnet,2013,B1_10,POBI6,2
nutnet,2013,B1_10,PODI2,6
nutnet,2013,B1_10,POVI,13
nutnet,2013,B1_10,PRAN,1
nutnet,2013,B1_10,SEDES,4
nutnet,2013,B1_10,SELA,3
nutnet,2013,B1_10,SIACS2,7
nutnet,2013,B1_10,SOSIN,3
nutnet,2013,B1_10,TEACC,6
nutnet,2013,B1_10,TEGR3,6
nutnet,2013,B1_10,TRSP2,3
nutnet,2013,B1_10,VIOLA,1
nutnet,2013,B2_1,2LICHN,1
nutnet,2013,B2_1,2LTR,9
nutnet,2013,B2_1,ALGE,3
nutnet,2013,B2_1,ARFEF3,2
nutnet,2013,B2_1,ARSC,1
nutnet,2013,B2_1,CARUD,20
nutnet,2013,B2_1,CAUN2,5
nutnet,2013,B2_1,DECE,1
nutnet,2013,B2_1,GERO2,21
nutnet,2013,B2_1,KOMY,44
nutnet,2013,B2_1,MELA3,2
nutnet,2013,B2_1,MIOB2,14
nutnet,2013,B2_1,ORAL,3
nutnet,2013,B2_1,PHPU5,2
nutnet,2013,B2_1,POVI3,5
nutnet,2013,B2_1,PRAN,1
nutnet,2013,B2_1,SEDES,8
nutnet,2013,B2_1,SOSIN,4
nutnet,2013,B2_1,TEACC,1
nutnet,2013,B2_2,2BARE,1
nutnet,2013,B2_2,2LTR,9
nutnet,2013,B2_2,ALGE,6
nutnet,2013,B2_2,ARFEF3,1
nutnet,2013,B2_2,ARSC,2
nutnet,2013,B2_2,CARUD,37
nutnet,2013,B2_2,CASC12,7
nutnet,2013,B2_2,CAUN2,10
nutnet,2013,B2_2,GERO2,15
nutnet,2013,B2_2,KOMY,47
nutnet,2013,B2_2,LEPY2,3
nutnet,2013,B2_2,LLSE,8
nutnet,2013,B2_2,MIOB2,3
nutnet,2013,B2_2,ORAL,1
nutnet,2013,B2_2,SEDES,3
nutnet,2013,B2_2,SOSIN,9
nutnet,2013,B2_2,TEGR3,1
nutnet,2013,B2_2,VIOLA,1
nutnet,2013,B2_3,2BARE,1
nutnet,2013,B2_3,2LTR,9
nutnet,2013,B2_3,ALGE,3
nutnet,2013,B2_3,ANAL4,1
nutnet,2013,B2_3,ARFEF3,7
nutnet,2013,B2_3,ARSC,2
nutnet,2013,B2_3,CARUD,14
nutnet,2013,B2_3,CAUN2,13
nutnet,2013,B2_3,GERO2,11
nutnet,2013,B2_3,KOMY,67
nutnet,2013,B2_3,LEPY2,4
nutnet,2013,B2_3,LLSE,1
nutnet,2013,B2_3,MIOB2,4
nutnet,2013,B2_3,ORAL,4
nutnet,2013,B2_3,POARG,1
nutnet,2013,B2_3,POVI3,2
nutnet,2013,B2_3,SEDES,9
nutnet,2013,B2_3,SELA,9
nutnet,2013,B2_3,SIACS2,9
nutnet,2013,B2_3,TEGR3,1
nutnet,2013,B2_3,TOPY,1
nutnet,2013,B2_3,TRSP2,2
nutnet,2013,B2_3,VIOLA,1
nutnet,2013,B2_4,2BARE,1
nutnet,2013,B2_4,2LTR,2
nutnet,2013,B2_4,ALGE,4
nutnet,2013,B2_4,ANAL4,2
nutnet,2013,B2_4,ARFEF3,8
nutnet,2013,B2_4,ARSC,6
nutnet,2013,B2_4,CARO2,12
nutnet,2013,B2_4,CARUD,57
nutnet,2013,B2_4,ERSI3,4
nutnet,2013,B2_4,FEBR,4
nutnet,2013,B2_4,GERO2,25
nutnet,2013,B2_4,KOMY,9
nutnet,2013,B2_4,LLSE,2
nutnet,2013,B2_4,LUSP4,1
nutnet,2013,B2_4,MIOB2,8
nutnet,2013,B2_4,ORAL,12
nutnet,2013,B2_4,POARG,1
nutnet,2013,B2_4,POBI6,2
nutnet,2013,B2_4,PODI2,1
nutnet,2013,B2_4,PRAN,3
nutnet,2013,B2_4,SEDES,6
nutnet,2013,B2_4,SELA,3
nutnet,2013,B2_4,SIACS2,1
nutnet,2013,B2_4,SOSIN,7
nutnet,2013,B2_4,TEACC,4
nutnet,2013,B2_4,TEGR3,1
nutnet,2013,B2_4,VIOLA,5
nutnet,2013,B2_5,2BARE,2
nutnet,2013,B2_5,2GRAM,1
nutnet,2013,B2_5,2LTR,9
nutnet,2013,B2_5,ALGE,2
nutnet,2013,B2_5,ARFEF3,6
nutnet,2013,B2_5,ARSC,1
nutnet,2013,B2_5,CARUD,3
nutnet,2013,B2_5,CAUN2,11
nutnet,2013,B2_5,FEBR,2
nutnet,2013,B2_5,GERO2,1
nutnet,2013,B2_5,KOMY,49
nutnet,2013,B2_5,LEPY2,1
nutnet,2013,B2_5,LLSE,13
nutnet,2013,B2_5,POARG,2
nutnet,2013,B2_5,POVI3,1
nutnet,2013,B2_5,SEDES,5
nutnet,2013,B2_5,SELA,1
nutnet,2013,B2_5,SOSIN,19
nutnet,2013,B2_5,TEACC,2
nutnet,2013,B2_5,TRSP2,2
nutnet,2013,B2_5,VIOLA,1
nutnet,2013,B2_6,2BARE,1
nutnet,2013,B2_6,2LICHN,1
nutnet,2013,B2_6,2LTR,3
nutnet,2013,B2_6,2RF,1
nutnet,2013,B2_6,ALGE,6
nutnet,2013,B2_6,ARFEF3,6
nutnet,2013,B2_6,ARSC,1
nutnet,2013,B2_6,CARUD,47
nutnet,2013,B2_6,CAUN2,1
nutnet,2013,B2_6,CEARS2,4
nutnet,2013,B2_6,DECE,1
nutnet,2013,B2_6,FEBR,4
nutnet,2013,B2_6,GERO2,5
nutnet,2013,B2_6,KOMY,40
nutnet,2013,B2_6,LLSE,1
nutnet,2013,B2_6,MIOB2,15
nutnet,2013,B2_6,ORAL,8
nutnet,2013,B2_6,PHPU5,3
nutnet,2013,B2_6,POAL2,1
nutnet,2013,B2_6,POBI6,2
nutnet,2013,B2_6,PRAN,1
nutnet,2013,B2_6,SARH2,1
nutnet,2013,B2_6,SEDES,1
nutnet,2013,B2_6,SELA,1
nutnet,2013,B2_6,SIACS2,5
nutnet,2013,B2_6,SOSIN,5
nutnet,2013,B2_6,TEACC,2
nutnet,2013,B2_6,TRSP2,4
nutnet,2013,B2_7,2LTR,2
nutnet,2013,B2_7,ALGE,1
nutnet,2013,B2_7,ARFEF3,15
nutnet,2013,B2_7,ARSC,2
nutnet,2013,B2_7,CARUD,3
nutnet,2013,B2_7,CAUN2,6
nutnet,2013,B2_7,CEARS2,2
nutnet,2013,B2_7,CHJA,2
nutnet,2013,B2_7,DECE,7
nutnet,2013,B2_7,FEBR,6
nutnet,2013,B2_7,GERO2,4
nutnet,2013,B2_7,KOMY,58
nutnet,2013,B2_7,LLSE,4
nutnet,2013,B2_7,MELA3,5
nutnet,2013,B2_7,MIOB2,17
nutnet,2013,B2_7,ORAL,4
nutnet,2013,B2_7,POARG,10
nutnet,2013,B2_7,POVI3,4
nutnet,2013,B2_7,SEDES,5
nutnet,2013,B2_7,SOSIN,2
nutnet,2013,B2_7,TRSP2,8
nutnet,2013,B2_7,VIOLA,1
nutnet,2013,B2_8,2LTR,2
nutnet,2013,B2_8,ALGE,3
nutnet,2013,B2_8,ANSE4,1
nutnet,2013,B2_8,ARFEF3,13
nutnet,2013,B2_8,ARSC,1
nutnet,2013,B2_8,CARUD,30
nutnet,2013,B2_8,CAUN2,13
nutnet,2013,B2_8,CEARS2,16
nutnet,2013,B2_8,FEBR,13
nutnet,2013,B2_8,GERO2,15
nutnet,2013,B2_8,KOMY,37
nutnet,2013,B2_8,LEPY2,1
nutnet,2013,B2_8,MELA3,1
nutnet,2013,B2_8,MIOB2,10
nutnet,2013,B2_8,ORAL,17
nutnet,2013,B2_8,PEPA3,1
nutnet,2013,B2_8,POBI6,4
nutnet,2013,B2_8,POPU3,3
nutnet,2013,B2_8,SELA,1
nutnet,2013,B2_8,SOSIN,21
nutnet,2013,B2_8,TEACC,3
nutnet,2013,B2_8,TRSP2,11
nutnet,2013,B2_9,2LICHN,1
nutnet,2013,B2_9,2LTR,12
nutnet,2013,B2_9,ALGE,3
nutnet,2013,B2_9,ANAL4,2
nutnet,2013,B2_9,ARFEF3,4
nutnet,2013,B2_9,CARUD,15
nutnet,2013,B2_9,CAUN2,4
nutnet,2013,B2_9,FEBR,1
nutnet,2013,B2_9,GERO2,9
nutnet,2013,B2_9,KOMY,63
nutnet,2013,B2_9,LEPY2,3
nutnet,2013,B2_9,MIOB2,2
nutnet,2013,B2_9,ORAL,1
nutnet,2013,B2_9,SEDES,12
nutnet,2013,B2_9,SELA,1
nutnet,2013,B2_9,SOSIN,1
nutnet,2013,B2_9,TEACC,1
nutnet,2013,B2_9,VIOLA,1
nutnet,2013,B2_10,2LTR,4
nutnet,2013,B2_10,ALGE,5
nutnet,2013,B2_10,ANAL4,1
nutnet,2013,B2_10,ARFEF3,18
nutnet,2013,B2_10,CARUD,38
nutnet,2013,B2_10,CAUN2,27
nutnet,2013,B2_10,DECE,2
nutnet,2013,B2_10,FEBR,7
nutnet,2013,B2_10,GERO2,12
nutnet,2013,B2_10,KOMY,25
nutnet,2013,B2_10,LEPY2,3
nutnet,2013,B2_10,LUSP4,4
nutnet,2013,B2_10,MIOB2,2
nutnet,2013,B2_10,PHPU5,1
nutnet,2013,B2_10,POBI6,5
nutnet,2013,B2_10,SEDES,5
nutnet,2013,B2_10,SELA,10
nutnet,2013,B2_10,SOSIN,2
nutnet,2013,B2_10,TEACC,2
nutnet,2013,B2_10,TRSP2,7
nutnet,2013,B2_10,VIOLA,2
nutnet,2013,B3_1,2BARE,11
nutnet,2013,B3_1,2LTR,2
nutnet,2013,B3_1,2RF,1
nutnet,2013,B3_1,ALGE,4
nutnet,2013,B3_1,ANAL4,1
nutnet,2013,B3_1,ARFEF3,6
nutnet,2013,B3_1,CARO2,1
nutnet,2013,B3_1,CARUD,22
nutnet,2013,B3_1,CAUN2,3
nutnet,2013,B3_1,FEBR,3
nutnet,2013,B3_1,GERO2,2
nutnet,2013,B3_1,KOMY,41
nutnet,2013,B3_1,LEPY2,1
nutnet,2013,B3_1,MIOB2,2
nutnet,2013,B3_1,SARH2,1
nutnet,2013,B3_1,SEDES,14
nutnet,2013,B3_1,SELA,1
nutnet,2013,B3_1,SOSIN,2
nutnet,2013,B3_1,TEACC,2
nutnet,2013,B3_2,2BARE,11
nutnet,2013,B3_2,2LTR,1
nutnet,2013,B3_2,ALGE,4
nutnet,2013,B3_2,ARFEF3,4
nutnet,2013,B3_2,CARO2,5
nutnet,2013,B3_2,CARUD,48
nutnet,2013,B3_2,CAUN2,1
nutnet,2013,B3_2,FEBR,5
nutnet,2013,B3_2,KOMY,30
nutnet,2013,B3_2,LLSE,1
nutnet,2013,B3_2,MIOB2,7
nutnet,2013,B3_2,PACA15,1
nutnet,2013,B3_2,SEDES,4
nutnet,2013,B3_2,SOSIN,1
nutnet,2013,B3_2,TEACC,2
nutnet,2013,B3_3,2BARE,8
nutnet,2013,B3_3,2LTR,8
nutnet,2013,B3_3,ALGE,4
nutnet,2013,B3_3,ANAL4,2
nutnet,2013,B3_3,ARFEF3,7
nutnet,2013,B3_3,CARO2,7
nutnet,2013,B3_3,CARUD,10
nutnet,2013,B3_3,DRAU,1
nutnet,2013,B3_3,FEBR,9
nutnet,2013,B3_3,GERO2,1
nutnet,2013,B3_3,KOMY,48
nutnet,2013,B3_3,LEPY2,1
nutnet,2013,B3_3,LLSE,2
nutnet,2013,B3_3,MIOB2,1
nutnet,2013,B3_3,POBI6,1
nutnet,2013,B3_3,POVI3,1
nutnet,2013,B3_3,SARH2,2
nutnet,2013,B3_3,SEDES,8
nutnet,2013,B3_3,SELA,7
nutnet,2013,B3_3,SOSIN,8
nutnet,2013,B3_3,TRSP2,5
nutnet,2013,B3_4,2BARE,4
nutnet,2013,B3_4,2LTR,2
nutnet,2013,B3_4,ALGE,7
nutnet,2013,B3_4,ANAL4,2
nutnet,2013,B3_4,ARFEF3,9
nutnet,2013,B3_4,CARO2,6
nutnet,2013,B3_4,CARUD,33
nutnet,2013,B3_4,CAUN2,2
nutnet,2013,B3_4,FEBR,4
nutnet,2013,B3_4,KOMY,75
nutnet,2013,B3_4,LLSE,1
nutnet,2013,B3_4,POAL2,1
nutnet,2013,B3_4,POARG,2
nutnet,2013,B3_4,POVI3,2
nutnet,2013,B3_4,SEDES,2
nutnet,2013,B3_4,SELA,5
nutnet,2013,B3_4,SOSIN,1
nutnet,2013,B3_4,TEACC,10
nutnet,2013,B3_4,TRSP2,3
nutnet,2013,B3_5,2BARE,6
nutnet,2013,B3_5,2LTR,6
nutnet,2013,B3_5,2LTRWS,1
nutnet,2013,B3_5,ALGE,6
nutnet,2013,B3_5,ANAL4,11
nutnet,2013,B3_5,ANSE4,2
nutnet,2013,B3_5,ARFEF3,5
nutnet,2013,B3_5,CARO2,6
nutnet,2013,B3_5,CARUD,26
nutnet,2013,B3_5,CAUN2,3
nutnet,2013,B3_5,CEARS2,3
nutnet,2013,B3_5,FEBR,4
nutnet,2013,B3_5,GERO2,11
nutnet,2013,B3_5,KOMY,61
nutnet,2013,B3_5,LEPY2,3
nutnet,2013,B3_5,ORAL,1
nutnet,2013,B3_5,POARG,5
nutnet,2013,B3_5,SEDES,5
nutnet,2013,B3_5,SELA,2
nutnet,2013,B3_5,SOSIN,1
nutnet,2013,B3_5,TRSP2,5
nutnet,2013,B3_6,2BARE,7
nutnet,2013,B3_6,2LTR,3
nutnet,2013,B3_6,ALGE,1
nutnet,2013,B3_6,ARFEF3,7
nutnet,2013,B3_6,CAPU,1
nutnet,2013,B3_6,CARO2,5
nutnet,2013,B3_6,CARUD,30
nutnet,2013,B3_6,CAUN2,1
nutnet,2013,B3_6,FEBR,2
nutnet,2013,B3_6,KOMY,46
nutnet,2013,B3_6,LEPY2,2
nutnet,2013,B3_6,LUSP4,3
nutnet,2013,B3_6,MIOB2,1
nutnet,2013,B3_6,POARG,1
nutnet,2013,B3_6,POBI6,1
nutnet,2013,B3_6,SARH2,1
nutnet,2013,B3_6,SEDES,10
nutnet,2013,B3_6,SELA,6
nutnet,2013,B3_6,SOSIN,9
nutnet,2013,B3_6,TEACC,5
nutnet,2013,B3_6,TRSP2,1
nutnet,2013,B3_7,2LTR,1
nutnet,2013,B3_7,ALGE,11
nutnet,2013,B3_7,ANAL4,5
nutnet,2013,B3_7,ARFEF3,3
nutnet,2013,B3_7,ARSC,3
nutnet,2013,B3_7,CAREX,4
nutnet,2013,B3_7,CARO2,25
nutnet,2013,B3_7,CARUD,15
nutnet,2013,B3_7,CASC12,43
nutnet,2013,B3_7,CAUN2,8
nutnet,2013,B3_7,CEARS2,32
nutnet,2013,B3_7,DECE,3
nutnet,2013,B3_7,FEBR,4
nutnet,2013,B3_7,GERO2,43
nutnet,2013,B3_7,KOMY,26
nutnet,2013,B3_7,LEPY2,3
nutnet,2013,B3_7,LLSE,5
nutnet,2013,B3_7,MELA3,1
nutnet,2013,B3_7,ORAL,4
nutnet,2013,B3_7,POAL2,2
nutnet,2013,B3_7,POARG,17
nutnet,2013,B3_7,POBI6,4
nutnet,2013,B3_7,POVI3,1
nutnet,2013,B3_7,SELA,4
nutnet,2013,B3_7,SOSIN,5
nutnet,2013,B3_7,TRSP2,16
nutnet,2013,B3_8,2LTR,3
nutnet,2013,B3_8,ALGE,4
nutnet,2013,B3_8,ANAL4,3
nutnet,2013,B3_8,ARFEF3,17
nutnet,2013,B3_8,ARSC,3
nutnet,2013,B3_8,CARUD,22
nutnet,2013,B3_8,CAUN2,10
nutnet,2013,B3_8,CEARS2,3
nutnet,2013,B3_8,ERSI3,1
nutnet,2013,B3_8,FEBR,9
nutnet,2013,B3_8,GERO2,11
nutnet,2013,B3_8,KOMY,30
nutnet,2013,B3_8,LUSP4,6
nutnet,2013,B3_8,MELA3,1
nutnet,2013,B3_8,MIOB2,12
nutnet,2013,B3_8,PHPU5,1
nutnet,2013,B3_8,POARG,1
nutnet,2013,B3_8,POBI6,1
nutnet,2013,B3_8,POVI3,3
nutnet,2013,B3_8,SEDES,10
nutnet,2013,B3_8,SELA,6
nutnet,2013,B3_8,SOSIN,7
nutnet,2013,B3_8,TEACC,3
nutnet,2013,B3_8,TEGR3,3
nutnet,2013,B3_8,TRSP2,20
nutnet,2013,B3_8,VIOLA,1
nutnet,2013,B3_9,2LTR,10
nutnet,2013,B3_9,2RF,3
nutnet,2013,B3_9,ALGE,3
nutnet,2013,B3_9,ANAL4,1
nutnet,2013,B3_9,ARFEF3,11
nutnet,2013,B3_9,CARUD,23
nutnet,2013,B3_9,CASC12,5
nutnet,2013,B3_9,CAUN2,2
nutnet,2013,B3_9,CEARS2,1
nutnet,2013,B3_9,GERO2,3
nutnet,2013,B3_9,KOMY,32
nutnet,2013,B3_9,LEPY2,2
nutnet,2013,B3_9,LLSE,3
nutnet,2013,B3_9,MELA3,1
nutnet,2013,B3_9,MIOB2,6
nutnet,2013,B3_9,ORAL,4
nutnet,2013,B3_9,POBI6,3
nutnet,2013,B3_9,SEDES,10
nutnet,2013,B3_9,SELA,2
nutnet,2013,B3_9,SOSIN,23
nutnet,2013,B3_9,VIOLA,1
nutnet,2013,B3_10,2LTR,4
nutnet,2013,B3_10,ANAL4,4
nutnet,2013,B3_10,ARFEF3,18
nutnet,2013,B3_10,ARSC,3
nutnet,2013,B3_10,CARUD,17
nutnet,2013,B3_10,CAUN2,24
nutnet,2013,B3_10,CEARS2,12
nutnet,2013,B3_10,FEBR,24
nutnet,2013,B3_10,GERO2,1
nutnet,2013,B3_10,KOMY,23
nutnet,2013,B3_10,LEPY2,1
nutnet,2013,B3_10,LUSP4,4
nutnet,2013,B3_10,MIOB2,2
nutnet,2013,B3_10,PHPU5,1
nutnet,2013,B3_10,POARG,14
nutnet,2013,B3_10,POBI6,3
nutnet,2013,B3_10,SEDES,3
nutnet,2013,B3_10,SELA,5
nutnet,2013,B3_10,SOSIN,4
nutnet,2013,B3_10,TRSP2,19
nutnet,2013,B3_10,VIOLA,2
nutnet,2013,B4_1,2BARE,1
nutnet,2013,B4_1,2LICHN,2
nutnet,2013,B4_1,2LTR,20
nutnet,2013,B4_1,ALGE,6
nutnet,2013,B4_1,ARFEF3,4
nutnet,2013,B4_1,CARUD,15
nutnet,2013,B4_1,CAUN2,5
nutnet,2013,B4_1,ERSI3,2
nutnet,2013,B4_1,FEBR,1
nutnet,2013,B4_1,GERO2,5
nutnet,2013,B4_1,KOMY,32
nutnet,2013,B4_1,LLSE,16
nutnet,2013,B4_1,MIOB2,4
nutnet,2013,B4_1,ORAL,1
nutnet,2013,B4_1,PEPA3,2
nutnet,2013,B4_1,POVI3,1
nutnet,2013,B4_1,SEDES,11
nutnet,2013,B4_1,SELA,3
nutnet,2013,B4_1,SOSIN,8
nutnet,2013,B4_1,TEACC,2
nutnet,2013,B4_1,VIOLA,1
nutnet,2013,B4_2,2BARE,5
nutnet,2013,B4_2,2LTR,2
nutnet,2013,B4_2,ALGE,1
nutnet,2013,B4_2,ARFEF3,6
nutnet,2013,B4_2,CARO2,3
nutnet,2013,B4_2,CARUD,20
nutnet,2013,B4_2,CAUN2,1
nutnet,2013,B4_2,FEBR,2
nutnet,2013,B4_2,GERO2,3
nutnet,2013,B4_2,KOMY,62
nutnet,2013,B4_2,LLSE,3
nutnet,2013,B4_2,MELA3,3
nutnet,2013,B4_2,MIOB2,5
nutnet,2013,B4_2,NOFEG,2
nutnet,2013,B4_2,ORAL,7
nutnet,2013,B4_2,PHPU5,1
nutnet,2013,B4_2,POARG,1
nutnet,2013,B4_2,POBI6,1
nutnet,2013,B4_2,PODI2,1
nutnet,2013,B4_2,POVI3,1
nutnet,2013,B4_2,SEDES,7
nutnet,2013,B4_2,SELA,1
nutnet,2013,B4_2,SOSIN,3
nutnet,2013,B4_2,TEACC,1
nutnet,2013,B4_2,TRPAP,1
nutnet,2013,B4_2,TRSP2,2
nutnet,2013,B4_3,2LICHN,1
nutnet,2013,B4_3,2LTR,4
nutnet,2013,B4_3,ALGE,2
nutnet,2013,B4_3,ANAL4,2
nutnet,2013,B4_3,ARFEF3,5
nutnet,2013,B4_3,ARSC,7
nutnet,2013,B4_3,CANI2,6
nutnet,2013,B4_3,CAREX,1
nutnet,2013,B4_3,CARUD,12
nutnet,2013,B4_3,CAUN2,3
nutnet,2013,B4_3,CEARS2,3
nutnet,2013,B4_3,DECE,1
nutnet,2013,B4_3,FEBR,4
nutnet,2013,B4_3,GERO2,17
nutnet,2013,B4_3,KOMY,38
nutnet,2013,B4_3,MIOB2,8
nutnet,2013,B4_3,POARG,6
nutnet,2013,B4_3,SEDES,5
nutnet,2013,B4_3,SELA,2
nutnet,2013,B4_3,SOSIN,8
nutnet,2013,B4_3,TEACC,13
nutnet,2013,B4_3,TRSP2,1
nutnet,2013,B4_4,2LTR,6
nutnet,2013,B4_4,ALGE,7
nutnet,2013,B4_4,ARFEF3,6
nutnet,2013,B4_4,CAPU,1
nutnet,2013,B4_4,CARO2,4
nutnet,2013,B4_4,CARUD,11
nutnet,2013,B4_4,CAUN2,7
nutnet,2013,B4_4,CEARS2,1
nutnet,2013,B4_4,DECE,1
nutnet,2013,B4_4,ERSI3,1
nutnet,2013,B4_4,FEBR,2
nutnet,2013,B4_4,GERO2,5
nutnet,2013,B4_4,KOMY,60
nutnet,2013,B4_4,LEPY2,1
nutnet,2013,B4_4,LLSE,2
nutnet,2013,B4_4,MIOB2,5
nutnet,2013,B4_4,ORAL,5
nutnet,2013,B4_4,PEPA3,4
nutnet,2013,B4_4,POBI6,2
nutnet,2013,B4_4,SARH2,2
nutnet,2013,B4_4,SEDES,6
nutnet,2013,B4_4,SELA,3
nutnet,2013,B4_4,SOSIN,3
nutnet,2013,B4_4,TRSP2,2
nutnet,2013,B4_5,2BARE,3
nutnet,2013,B4_5,2LTR,8
nutnet,2013,B4_5,ALGE,4
nutnet,2013,B4_5,ANSE4,1
nutnet,2013,B4_5,ARFEF3,9
nutnet,2013,B4_5,ARSC,9
nutnet,2013,B4_5,CAREX,1
nutnet,2013,B4_5,CARUD,5
nutnet,2013,B4_5,CAUN2,2
nutnet,2013,B4_5,FEBR,3
nutnet,2013,B4_5,GERO2,17
nutnet,2013,B4_5,KOMY,42
nutnet,2013,B4_5,LLSE,7
nutnet,2013,B4_5,MELA3,1
nutnet,2013,B4_5,MIOB2,5
nutnet,2013,B4_5,POBI6,3
nutnet,2013,B4_5,SEDES,2
nutnet,2013,B4_5,SELA,3
nutnet,2013,B4_5,SOSIN,16
nutnet,2013,B4_5,TEACC,2
nutnet,2013,B4_5,TEGR3,1
nutnet,2013,B4_5,TRPAP,5
nutnet,2013,B4_5,TRSP2,5
nutnet,2013,B4_6,2LTR,7
nutnet,2013,B4_6,ALGE,3
nutnet,2013,B4_6,ARFEF3,4
nutnet,2013,B4_6,ARSC,3
nutnet,2013,B4_6,CARO2,1
nutnet,2013,B4_6,CARUD,33
nutnet,2013,B4_6,CASC12,8
nutnet,2013,B4_6,CAUN2,6
nutnet,2013,B4_6,DECE,2
nutnet,2013,B4_6,FEBR,2
nutnet,2013,B4_6,GERO2,3
nutnet,2013,B4_6,KOMY,42
nutnet,2013,B4_6,LLSE,4
nutnet,2013,B4_6,MELA3,2
nutnet,2013,B4_6,MIOB2,13
nutnet,2013,B4_6,ORAL,20
nutnet,2013,B4_6,PHPU5,4
nutnet,2013,B4_6,POBI6,2
nutnet,2013,B4_6,SEDES,2
nutnet,2013,B4_6,SELA,3
nutnet,2013,B4_6,SOSIN,21
nutnet,2013,B4_6,TEACC,6
nutnet,2013,B4_6,TEGR3,1
nutnet,2013,B4_6,TRSP2,1
nutnet,2013,B4_7,2LTR,4
nutnet,2013,B4_7,ALGE,6
nutnet,2013,B4_7,ANAL4,2
nutnet,2013,B4_7,ARFEF3,18
nutnet,2013,B4_7,CARO2,5
nutnet,2013,B4_7,CARUD,27
nutnet,2013,B4_7,CAUN2,18
nutnet,2013,B4_7,CEARS2,24
nutnet,2013,B4_7,FEBR,15
nutnet,2013,B4_7,GERO2,1
nutnet,2013,B4_7,KOMY,31
nutnet,2013,B4_7,LEPY2,3
nutnet,2013,B4_7,LLSE,2
nutnet,2013,B4_7,LUSP4,1
nutnet,2013,B4_7,ORAL,1
nutnet,2013,B4_7,PEPA3,13
nutnet,2013,B4_7,POARG,10
nutnet,2013,B4_7,POBI6,10
nutnet,2013,B4_7,PODI2,3
nutnet,2013,B4_7,POPU3,6
nutnet,2013,B4_7,SEDES,1
nutnet,2013,B4_7,SELA,6
nutnet,2013,B4_7,SOSIN,10
nutnet,2013,B4_7,TRSP2,16
nutnet,2013,B4_7,VIOLA,1
nutnet,2013,B4_8,2LTR,3
nutnet,2013,B4_8,ALGE,5
nutnet,2013,B4_8,ANAL4,6
nutnet,2013,B4_8,ARFEF3,16
nutnet,2013,B4_8,ARSC,1
nutnet,2013,B4_8,CAPU,4
nutnet,2013,B4_8,CAREX,4
nutnet,2013,B4_8,CARO2,9
nutnet,2013,B4_8,CARUD,14
nutnet,2013,B4_8,CAUN2,7
nutnet,2013,B4_8,CEARS2,7
nutnet,2013,B4_8,FEBR,8
nutnet,2013,B4_8,KOMY,43
nutnet,2013,B4_8,LEPY2,1
nutnet,2013,B4_8,LLSE,4
nutnet,2013,B4_8,LUSP4,2
nutnet,2013,B4_8,MELA3,2
nutnet,2013,B4_8,MIOB2,3
nutnet,2013,B4_8,ORAL,19
nutnet,2013,B4_8,PHPU5,2
nutnet,2013,B4_8,POAL2,17
nutnet,2013,B4_8,POBI6,2
nutnet,2013,B4_8,POPU3,1
nutnet,2013,B4_8,SEDES,2
nutnet,2013,B4_8,SELA,6
nutnet,2013,B4_8,SOSIN,11
nutnet,2013,B4_8,TEACC,2
nutnet,2013,B4_8,VIOLA,1
nutnet,2013,B4_9,2BARE,1
nutnet,2013,B4_9,2LICHN,2
nutnet,2013,B4_9,2LTR,10
nutnet,2013,B4_9,2RF,1
nutnet,2013,B4_9,ALGE,3
nutnet,2013,B4_9,ARFEF3,5
nutnet,2013,B4_9,ARSC,1
nutnet,2013,B4_9,CAPU,2
nutnet,2013,B4_9,CAREX,2
nutnet,2013,B4_9,CARO2,1
nutnet,2013,B4_9,CARUD,26
nutnet,2013,B4_9,CAUN2,4
nutnet,2013,B4_9,KOMY,35
nutnet,2013,B4_9,LLSE,2
nutnet,2013,B4_9,MELA3,2
nutnet,2013,B4_9,MIOB2,1
nutnet,2013,B4_9,ORAL,2
nutnet,2013,B4_9,PHPU5,1
nutnet,2013,B4_9,SEDES,10
nutnet,2013,B4_9,SELA,1
nutnet,2013,B4_9,SOSIN,7
nutnet,2013,B4_9,TEACC,8
nutnet,2013,B4_9,TRSP2,2
nutnet,2013,B4_10,2LTR,1
nutnet,2013,B4_10,ALGE,3
nutnet,2013,B4_10,ARFEF3,21
nutnet,2013,B4_10,ARSC,11
nutnet,2013,B4_10,CAOC4,1
nutnet,2013,B4_10,CARO2,9
nutnet,2013,B4_10,CARUD,28
nutnet,2013,B4_10,CAUN2,17
nutnet,2013,B4_10,CEARS2,9
nutnet,2013,B4_10,DECE,1
nutnet,2013,B4_10,ELYMU,3
nutnet,2013,B4_10,FEBR,18
nutnet,2013,B4_10,KOMY,29
nutnet,2013,B4_10,LLSE,5
nutnet,2013,B4_10,MELA3,1
nutnet,2013,B4_10,MIOB2,7
nutnet,2013,B4_10,ORAL,13
nutnet,2013,B4_10,PEPA3,5
nutnet,2013,B4_10,PHPU5,5
nutnet,2013,B4_10,POARG,6
nutnet,2013,B4_10,POBI6,2
nutnet,2013,B4_10,POPU3,13
nutnet,2013,B4_10,POVI3,1
nutnet,2013,B4_10,SEDES,3
nutnet,2013,B4_10,SELA,2
nutnet,2013,B4_10,SOSIN,2
nutnet,2013,B4_10,TEACC,1
nutnet,2013,B4_10,TRSP2,12
nutnet,2017,B1_1,2BARE,7
nutnet,2017,B1_1,2LICHN,3
nutnet,2017,B1_1,2LTR,6
nutnet,2017,B1_1,2RF,1
nutnet,2017,B1_1,ALGE,1
nutnet,2017,B1_1,ARFEF3,2
nutnet,2017,B1_1,CARO2,5
nutnet,2017,B1_1,CARUD,20
nutnet,2017,B1_1,CAUN2,1
nutnet,2017,B1_1,CHJA,6
nutnet,2017,B1_1,ERSI3,1
nutnet,2017,B1_1,FEBR,3
nutnet,2017,B1_1,GERO2,17
nutnet,2017,B1_1,KOMY,3
nutnet,2017,B1_1,LLSE,12
nutnet,2017,B1_1,MELA3,2
nutnet,2017,B1_1,MIOB2,9
nutnet,2017,B1_1,ORAL,4
nutnet,2017,B1_1,PHPU5,12
nutnet,2017,B1_1,POBI6,3
nutnet,2017,B1_1,POTEN,1
nutnet,2017,B1_1,SEDES,5
nutnet,2017,B1_1,SELA,1
nutnet,2017,B1_1,SIACS2,2
nutnet,2017,B1_1,SOSIN,1
nutnet,2017,B1_1,TEGR3,8
nutnet,2017,B1_1,TRSP2,1
nutnet,2017,B1_2,2BARE,6
nutnet,2017,B1_2,2LICHN,1
nutnet,2017,B1_2,2LTR,15
nutnet,2017,B1_2,ALGE,2
nutnet,2017,B1_2,ANAL4,1
nutnet,2017,B1_2,CAPU,8
nutnet,2017,B1_2,CARO2,10
nutnet,2017,B1_2,CARUD,8
nutnet,2017,B1_2,GERO2,1
nutnet,2017,B1_2,KOMY,45
nutnet,2017,B1_2,MIOB2,2
nutnet,2017,B1_2,ORAL,4
nutnet,2017,B1_2,PHPU5,5
nutnet,2017,B1_2,POBI6,1
nutnet,2017,B1_2,POPU3,7
nutnet,2017,B1_2,SEDES,5
nutnet,2017,B1_2,SELA,1
nutnet,2017,B1_4,2LTR,3
nutnet,2017,B1_4,2RF,3
nutnet,2017,B1_4,ALGE,1
nutnet,2017,B1_4,ARFEF3,7
nutnet,2017,B1_4,ARSC,9
nutnet,2017,B1_4,CAPU,18
nutnet,2017,B1_4,CARO2,2
nutnet,2017,B1_4,CARUD,47
nutnet,2017,B1_4,CASC12,3
nutnet,2017,B1_4,CHJA,3
nutnet,2017,B1_4,GERO2,31
nutnet,2017,B1_4,LLSE,3
nutnet,2017,B1_4,MIOB2,2
nutnet,2017,B1_4,ORAL,2
nutnet,2017,B1_4,PHPU5,3
nutnet,2017,B1_4,POA,1
nutnet,2017,B1_4,POBI6,3
nutnet,2017,B1_4,POTEN,4
nutnet,2017,B1_4,SELA,1
nutnet,2017,B1_4,SOMU,1
nutnet,2017,B1_4,TEGR3,10
nutnet,2017,B1_7,2LTR,7
nutnet,2017,B1_7,ALGE,7
nutnet,2017,B1_7,ARFEF3,2
nutnet,2017,B1_7,CAPU,10
nutnet,2017,B1_7,CARO2,20
nutnet,2017,B1_7,CARUD,20
nutnet,2017,B1_7,GERO2,3
nutnet,2017,B1_7,KOMY,35
nutnet,2017,B1_7,LUSP4,1
nutnet,2017,B1_7,MELA3,1
nutnet,2017,B1_7,ORAL,20
nutnet,2017,B1_7,POA,7
nutnet,2017,B1_7,POBI6,4
nutnet,2017,B1_7,POTEN,7
nutnet,2017,B1_7,SEDES,1
nutnet,2017,B1_7,SOSIN,2
nutnet,2017,B1_7,STLO2,4
nutnet,2017,B1_7,TEGR3,3
nutnet,2017,B1_7,TRSP2,10
nutnet,2017,B1_8,2LTR,1
nutnet,2017,B1_8,ALGE,9
nutnet,2017,B1_8,ARFEF3,2
nutnet,2017,B1_8,ARSC,3
nutnet,2017,B1_8,CARO2,18
nutnet,2017,B1_8,CARUD,14
nutnet,2017,B1_8,CASC12,2
nutnet,2017,B1_8,FEBR,2
nutnet,2017,B1_8,GERO2,10
nutnet,2017,B1_8,KOMY,40
nutnet,2017,B1_8,LLSE,3
nutnet,2017,B1_8,MELA3,8
nutnet,2017,B1_8,ORAL,27
nutnet,2017,B1_8,PEPA3,1
nutnet,2017,B1_8,PHPU5,5
nutnet,2017,B1_8,POARG,3
nutnet,2017,B1_8,POBI6,4
nutnet,2017,B1_8,PODI2,6
nutnet,2017,B1_8,POPU3,2
nutnet,2017,B1_8,SELA,2
nutnet,2017,B1_8,SOSIN,3
nutnet,2017,B1_8,TEACC,1
nutnet,2017,B1_8,TEGR3,3
nutnet,2017,B1_8,TRSP2,6
nutnet,2017,B1_9,2LICHN,1
nutnet,2017,B1_9,2LTR,4
nutnet,2017,B1_9,2RF,1
nutnet,2017,B1_9,ALGE,3
nutnet,2017,B1_9,ARFEF3,1
nutnet,2017,B1_9,ARSC,4
nutnet,2017,B1_9,CARO2,6
nutnet,2017,B1_9,CARUD,24
nutnet,2017,B1_9,CASC12,14
nutnet,2017,B1_9,ERSI3,1
nutnet,2017,B1_9,GERO2,35
nutnet,2017,B1_9,KOMY,36
nutnet,2017,B1_9,LLSE,3
nutnet,2017,B1_9,MELA3,7
nutnet,2017,B1_9,MIOB2,4
nutnet,2017,B1_9,PHPU5,10
nutnet,2017,B1_9,POBI6,1
nutnet,2017,B1_9,PODI2,4
nutnet,2017,B1_9,POTEN,3
nutnet,2017,B1_9,POVI3,1
nutnet,2017,B1_9,SEDES,4
nutnet,2017,B1_9,SELA,1
nutnet,2017,B1_9,SIACS2,2
nutnet,2017,B1_9,SOMU,3
nutnet,2017,B1_9,TEGR3,2
nutnet,2017,B1_9,TRPAP,15
nutnet,2017,B1_9,TRSP2,2
nutnet,2017,B1_10,2FORB,1
nutnet,2017,B1_10,2LTR,8
nutnet,2017,B1_10,ALGE,26
nutnet,2017,B1_10,ARFEF3,8
nutnet,2017,B1_10,CARO2,11
nutnet,2017,B1_10,CARUD,14
nutnet,2017,B1_10,CASC12,2
nutnet,2017,B1_10,CEARS2,6
nutnet,2017,B1_10,FEBR,5
nutnet,2017,B1_10,GERO2,5
nutnet,2017,B1_10,KOMY,6
nutnet,2017,B1_10,LLSE,4
nutnet,2017,B1_10,MELA3,7
nutnet,2017,B1_10,ORAL,21
nutnet,2017,B1_10,PHPU5,9
nutnet,2017,B1_10,POA,7
nutnet,2017,B1_10,POBI6,13
nutnet,2017,B1_10,PODI2,6
nutnet,2017,B1_10,POTEN,1
nutnet,2017,B1_10,POVI,20
nutnet,2017,B1_10,SELA,4
nutnet,2017,B1_10,TEACC,4
nutnet,2017,B1_10,TEGR3,6
nutnet,2017,B1_10,TRDA2,11
nutnet,2017,B1_10,TRSP2,3
nutnet,2017,B2_1,2BARE,3
nutnet,2017,B2_1,2LICHN,1
nutnet,2017,B2_1,2LTR,15
nutnet,2017,B2_1,ALGE,2
nutnet,2017,B2_1,ANAL4,2
nutnet,2017,B2_1,ARFEF3,2
nutnet,2017,B2_1,CARO2,4
nutnet,2017,B2_1,CARUD,16
nutnet,2017,B2_1,ERNA,1
nutnet,2017,B2_1,GERO2,6
nutnet,2017,B2_1,KOMY,54
nutnet,2017,B2_1,MELA3,1
nutnet,2017,B2_1,MIOB2,12
nutnet,2017,B2_1,ORAL,5
nutnet,2017,B2_1,POA,3
nutnet,2017,B2_1,POBI6,1
nutnet,2017,B2_1,SEDES,6
nutnet,2017,B2_1,SOMU,2
nutnet,2017,B2_2,2BARE,8
nutnet,2017,B2_2,2LTR,3
nutnet,2017,B2_2,2RF,1
nutnet,2017,B2_2,ALGE,3
nutnet,2017,B2_2,ANAL4,1
nutnet,2017,B2_2,ARSC,9
nutnet,2017,B2_2,CARO2,4
nutnet,2017,B2_2,CARUD,32
nutnet,2017,B2_2,CASC12,1
nutnet,2017,B2_2,GERO2,21
nutnet,2017,B2_2,KOMY,19
nutnet,2017,B2_2,LEPY2,2
nutnet,2017,B2_2,LLSE,11
nutnet,2017,B2_2,MELA3,1
nutnet,2017,B2_2,ORAL,3
nutnet,2017,B2_2,POA,4
nutnet,2017,B2_2,POBI6,1
nutnet,2017,B2_2,SIACS2,3
nutnet,2017,B2_2,SOMU,10
nutnet,2017,B2_2,TEGR3,1
nutnet,2017,B2_4,2BARE,5
nutnet,2017,B2_4,2LICHN,2
nutnet,2017,B2_4,2LTR,8
nutnet,2017,B2_4,2RF,2
nutnet,2017,B2_4,ARFEF3,5
nutnet,2017,B2_4,CAPU,1
nutnet,2017,B2_4,CARO2,4
nutnet,2017,B2_4,CARUD,33
nutnet,2017,B2_4,CAUN2,4
nutnet,2017,B2_4,ERSE3,1
nutnet,2017,B2_4,GERO2,21
nutnet,2017,B2_4,KOMY,6
nutnet,2017,B2_4,LEPY2,1
nutnet,2017,B2_4,LLSE,5
nutnet,2017,B2_4,MIOB2,3
nutnet,2017,B2_4,ORAL,3
nutnet,2017,B2_4,POBI6,4
nutnet,2017,B2_4,POVI3,3
nutnet,2017,B2_4,SEDES,1
nutnet,2017,B2_4,SELA,2
nutnet,2017,B2_4,TEACC,3
nutnet,2017,B2_4,TRDA2,1
nutnet,2017,B2_4,TRPAP,1
nutnet,2017,B2_7,2BARE,1
nutnet,2017,B2_7,2LTR,13
nutnet,2017,B2_7,ALGE,3
nutnet,2017,B2_7,ANAL4,2
nutnet,2017,B2_7,ARFEF3,15
nutnet,2017,B2_7,CARO2,3
nutnet,2017,B2_7,CEARS2,5
nutnet,2017,B2_7,FEBR,5
nutnet,2017,B2_7,KOMY,31
nutnet,2017,B2_7,LLSE,2
nutnet,2017,B2_7,MELA3,6
nutnet,2017,B2_7,MIOB2,5
nutnet,2017,B2_7,ORAL,5
nutnet,2017,B2_7,POA,18
nutnet,2017,B2_7,POBI6,4
nutnet,2017,B2_7,SEDES,1
nutnet,2017,B2_7,SOMU,15
nutnet,2017,B2_7,TRSP2,9
nutnet,2017,B2_8,2LTR,8
nutnet,2017,B2_8,ALGE,4
nutnet,2017,B2_8,ARFEF3,11
nutnet,2017,B2_8,ARSC,1
nutnet,2017,B2_8,CARO2,12
nutnet,2017,B2_8,CARUD,16
nutnet,2017,B2_8,CASC12,5
nutnet,2017,B2_8,CEARS2,7
nutnet,2017,B2_8,FEBR,3
nutnet,2017,B2_8,GERO2,19
nutnet,2017,B2_8,KOMY,11
nutnet,2017,B2_8,LEPY2,1
nutnet,2017,B2_8,ORAL,15
nutnet,2017,B2_8,POA,7
nutnet,2017,B2_8,POBI6,1
nutnet,2017,B2_8,POVI,9
nutnet,2017,B2_8,SELA,1
nutnet,2017,B2_8,SOMU,21
nutnet,2017,B2_8,TRSP2,12
nutnet,2017,B2_9,2BARE,1
nutnet,2017,B2_9,2LICHN,1
nutnet,2017,B2_9,2LTR,18
nutnet,2017,B2_9,ACMIA,2
nutnet,2017,B2_9,ALGE,3
nutnet,2017,B2_9,ARFEF3,1
nutnet,2017,B2_9,CARO2,6
nutnet,2017,B2_9,CARUD,24
nutnet,2017,B2_9,CEARS2,1
nutnet,2017,B2_9,FEBR,1
nutnet,2017,B2_9,GERO2,15
nutnet,2017,B2_9,KOMY,56
nutnet,2017,B2_9,LLSE,2
nutnet,2017,B2_9,ORAL,3
nutnet,2017,B2_9,POBI6,2
nutnet,2017,B2_9,PODI2,4
nutnet,2017,B2_9,SEDES,1
nutnet,2017,B2_9,SOMU,3
nutnet,2017,B2_10,2LICHN,1
nutnet,2017,B2_10,2LTR,17
nutnet,2017,B2_10,ALGE,11
nutnet,2017,B2_10,ANAL4,2
nutnet,2017,B2_10,ARFEF3,9
nutnet,2017,B2_10,ARSC,1
nutnet,2017,B2_10,CARO2,24
nutnet,2017,B2_10,CARUD,36
nutnet,2017,B2_10,FEBR,5
nutnet,2017,B2_10,GERO2,8
nutnet,2017,B2_10,KOMY,5
nutnet,2017,B2_10,LEPY2,2
nutnet,2017,B2_10,LUSP4,9
nutnet,2017,B2_10,MIOB2,6
nutnet,2017,B2_10,PHPU5,4
nutnet,2017,B2_10,POA,2
nutnet,2017,B2_10,POBI6,2
nutnet,2017,B2_10,SEDES,1
nutnet,2017,B2_10,SELA,7
nutnet,2017,B2_10,SOMU,1
nutnet,2017,B2_10,TEACC,1
nutnet,2017,B3_1,2BARE,15
nutnet,2017,B3_1,2LICHN,3
nutnet,2017,B3_1,2LTR,22
nutnet,2017,B3_1,ALGE,1
nutnet,2017,B3_1,ANAL4,1
nutnet,2017,B3_1,ARFEF3,2
nutnet,2017,B3_1,ARSC,2
nutnet,2017,B3_1,CARO2,7
nutnet,2017,B3_1,CARUD,10
nutnet,2017,B3_1,CHJA,4
nutnet,2017,B3_1,KOMY,30
nutnet,2017,B3_1,LEPY2,1
nutnet,2017,B3_1,LLSE,3
nutnet,2017,B3_1,MIOB2,5
nutnet,2017,B3_1,POBI6,1
nutnet,2017,B3_1,SARH2,1
nutnet,2017,B3_1,SEDES,3
nutnet,2017,B3_1,SELA,3
nutnet,2017,B3_2,2BARE,15
nutnet,2017,B3_2,2LTR,10
nutnet,2017,B3_2,2RF,2
nutnet,2017,B3_2,ALGE,1
nutnet,2017,B3_2,ANAL4,2
nutnet,2017,B3_2,CARO2,5
nutnet,2017,B3_2,CARUD,34
nutnet,2017,B3_2,CAUN2,1
nutnet,2017,B3_2,DRST4,1
nutnet,2017,B3_2,KOMY,27
nutnet,2017,B3_2,LLSE,1
nutnet,2017,B3_2,LUSP4,2
nutnet,2017,B3_2,MIOB2,1
nutnet,2017,B3_2,SEDES,3
nutnet,2017,B3_2,SELA,3
nutnet,2017,B3_2,SOMU,3
nutnet,2017,B3_2,TEACC,3
nutnet,2017,B3_2,TRSP2,1
nutnet,2017,B3_4,2LTR,8
nutnet,2017,B3_4,CARO2,1
nutnet,2017,B3_4,CARUD,60
nutnet,2017,B3_4,CAUN2,5
nutnet,2017,B3_4,CHJA,1
nutnet,2017,B3_4,KOMY,45
nutnet,2017,B3_4,LEPY2,1
nutnet,2017,B3_4,POA,1
nutnet,2017,B3_4,SEDES,1
nutnet,2017,B3_4,SOMU,1
nutnet,2017,B3_8,2BARE,10
nutnet,2017,B3_8,2LTR,20
nutnet,2017,B3_8,ALGE,1
nutnet,2017,B3_8,ARFEF3,4
nutnet,2017,B3_8,ARSC,14
nutnet,2017,B3_8,CARO2,11
nutnet,2017,B3_8,CARUD,11
nutnet,2017,B3_8,GERO2,23
nutnet,2017,B3_8,KOMY,1
nutnet,2017,B3_8,LEPY2,5
nutnet,2017,B3_8,LUSP4,2
nutnet,2017,B3_8,MIOB2,9
nutnet,2017,B3_8,POA,3
nutnet,2017,B3_8,POBI6,3
nutnet,2017,B3_8,POVI3,1
nutnet,2017,B3_8,SELA,3
nutnet,2017,B3_8,SIPR,1
nutnet,2017,B3_8,SOMU,6
nutnet,2017,B3_8,TRSP2,9
nutnet,2017,B3_9,2BARE,4
nutnet,2017,B3_9,2LICHN,3
nutnet,2017,B3_9,2LTR,11
nutnet,2017,B3_9,2RF,1
nutnet,2017,B3_9,ALGE,6
nutnet,2017,B3_9,ARFEF3,9
nutnet,2017,B3_9,CARUD,14
nutnet,2017,B3_9,CAUN2,1
nutnet,2017,B3_9,CEARS2,3
nutnet,2017,B3_9,GERO2,12
nutnet,2017,B3_9,KOMY,20
nutnet,2017,B3_9,LEPY2,1
nutnet,2017,B3_9,LLSE,1
nutnet,2017,B3_9,MELA3,1
nutnet,2017,B3_9,ORAL,2
nutnet,2017,B3_9,PEPA3,1
nutnet,2017,B3_9,POBI6,3
nutnet,2017,B3_9,PODI2,1
nutnet,2017,B3_9,SARH2,1
nutnet,2017,B3_9,SEDES,7
nutnet,2017,B3_9,SELA,3
nutnet,2017,B3_9,SIACS2,1
nutnet,2017,B3_9,SOMU,14
nutnet,2017,B3_10,2BARE,2
nutnet,2017,B3_10,2LTR,15
nutnet,2017,B3_10,ALGE,2
nutnet,2017,B3_10,ANAL4,3
nutnet,2017,B3_10,ARFEF3,4
nutnet,2017,B3_10,ARSC,6
nutnet,2017,B3_10,CARO2,22
nutnet,2017,B3_10,CARUD,7
nutnet,2017,B3_10,CEARS2,3
nutnet,2017,B3_10,FEBR,1
nutnet,2017,B3_10,GERO2,16
nutnet,2017,B3_10,KOMY,4
nutnet,2017,B3_10,LEPY2,3
nutnet,2017,B3_10,MELA3,1
nutnet,2017,B3_10,ORAL,4
nutnet,2017,B3_10,POA,16
nutnet,2017,B3_10,POBI6,10
nutnet,2017,B3_10,SELA,3
nutnet,2017,B3_10,SOMU,3
nutnet,2017,B3_10,TRSP2,12
nutnet,2017,B4_1,2BARE,16
nutnet,2017,B4_1,2LICHN,4
nutnet,2017,B4_1,2LTR,64
nutnet,2017,B4_1,ALGE,12
nutnet,2017,B4_1,ARFEF3,8
nutnet,2017,B4_1,CARO2,14
nutnet,2017,B4_1,CARUD,4
nutnet,2017,B4_1,GERO2,20
nutnet,2017,B4_1,KOMY,34
nutnet,2017,B4_1,LEPY2,2
nutnet,2017,B4_1,LLSE,4
nutnet,2017,B4_1,MIOB2,2
nutnet,2017,B4_1,ORAL,6
nutnet,2017,B4_1,PEPA3,4
nutnet,2017,B4_1,SEDES,8
nutnet,2017,B4_1,SOMU,4
nutnet,2017,B4_2,2BARE,15
nutnet,2017,B4_2,2LICHN,2
nutnet,2017,B4_2,2LTR,19
nutnet,2017,B4_2,2RF,1
nutnet,2017,B4_2,ALGE,2
nutnet,2017,B4_2,ARFEF3,1
nutnet,2017,B4_2,ARSC,1
nutnet,2017,B4_2,CARO2,4
nutnet,2017,B4_2,CARUD,10
nutnet,2017,B4_2,FEBR,1
nutnet,2017,B4_2,GERO2,8
nutnet,2017,B4_2,KOMY,23
nutnet,2017,B4_2,MIOB2,5
nutnet,2017,B4_2,PEPA3,4
nutnet,2017,B4_2,POBI6,1
nutnet,2017,B4_2,SARH2,2
nutnet,2017,B4_2,SEDES,1
nutnet,2017,B4_2,SELA,2
nutnet,2017,B4_2,SOMU,6
nutnet,2017,B4_2,TRPAP,1
nutnet,2017,B4_6,2BARE,6
nutnet,2017,B4_6,2FORB,1
nutnet,2017,B4_6,2LTR,10
nutnet,2017,B4_6,ALGE,1
nutnet,2017,B4_6,ARFEF3,3
nutnet,2017,B4_6,CARO2,1
nutnet,2017,B4_6,CARUD,36
nutnet,2017,B4_6,CAUN2,2
nutnet,2017,B4_6,CEARS2,1
nutnet,2017,B4_6,GERO2,3
nutnet,2017,B4_6,KOMY,38
nutnet,2017,B4_6,ORAL,6
nutnet,2017,B4_6,PHPU5,2
nutnet,2017,B4_6,SELA,2
nutnet,2017,B4_6,SOMU,14
nutnet,2017,B4_6,TRSP2,1
nutnet,2017,B4_7,2BARE,1
nutnet,2017,B4_7,2LTR,27
nutnet,2017,B4_7,ALGE,3
nutnet,2017,B4_7,ANAL4,2
nutnet,2017,B4_7,ARFEF3,6
nutnet,2017,B4_7,CARO2,11
nutnet,2017,B4_7,CARUD,1
nutnet,2017,B4_7,CAUN2,1
nutnet,2017,B4_7,CEARS2,4
nutnet,2017,B4_7,FEBR,1
nutnet,2017,B4_7,KOMY,11
nutnet,2017,B4_7,LEPY2,2
nutnet,2017,B4_7,LLSE,1
nutnet,2017,B4_7,MELA3,2
nutnet,2017,B4_7,MIOB2,1
nutnet,2017,B4_7,ORAL,2
nutnet,2017,B4_7,PEPA3,2
nutnet,2017,B4_7,POA,1
nutnet,2017,B4_7,POBI6,5
nutnet,2017,B4_7,PODI2,6
nutnet,2017,B4_7,SELA,3
nutnet,2017,B4_7,SOMU,3
nutnet,2017,B4_7,TRSP2,19
nutnet,2017,B4_8,2BARE,1
nutnet,2017,B4_8,2LTR,12
nutnet,2017,B4_8,ALGE,5
nutnet,2017,B4_8,ANAL4,2
nutnet,2017,B4_8,ARFEF3,7
nutnet,2017,B4_8,CARO2,13
nutnet,2017,B4_8,CARUD,13
nutnet,2017,B4_8,CEARS2,7
nutnet,2017,B4_8,CHJA,1
nutnet,2017,B4_8,GERO2,3
nutnet,2017,B4_8,KOMY,12
nutnet,2017,B4_8,LEPY2,1
nutnet,2017,B4_8,MELA3,1
nutnet,2017,B4_8,ORAL,11
nutnet,2017,B4_8,PHPU5,1
nutnet,2017,B4_8,POA,6
nutnet,2017,B4_8,POBI6,1
nutnet,2017,B4_8,POVI,3
nutnet,2017,B4_8,SELA,6
nutnet,2017,B4_8,SOMU,4
nutnet,2017,B4_8,TEACC,2
nutnet,2017,B4_8,TRSP2,22
nutnet,2017,B4_9,2BARE,9
nutnet,2017,B4_9,2LICHN,1
nutnet,2017,B4_9,2LTR,12
nutnet,2017,B4_9,ALGE,4
nutnet,2017,B4_9,ARFEF3,1
nutnet,2017,B4_9,CARO2,9
nutnet,2017,B4_9,CARUD,23
nutnet,2017,B4_9,GERO2,1
nutnet,2017,B4_9,KOMY,28
nutnet,2017,B4_9,LEPY2,2
nutnet,2017,B4_9,MIOB2,4
nutnet,2017,B4_9,ORAL,1
nutnet,2017,B4_9,POBI6,2
nutnet,2017,B4_9,SEDES,7
nutnet,2017,B4_9,SELA,3
nutnet,2017,B4_9,SOMU,1
nutnet,2017,B4_9,TEACC,5
nutnet,2017,B4_10,2BARE,2
nutnet,2017,B4_10,2FORB,1
nutnet,2017,B4_10,2LTR,12
nutnet,2017,B4_10,ALGE,3
nutnet,2017,B4_10,ARFEF3,6
nutnet,2017,B4_10,ARSC,2
nutnet,2017,B4_10,CAOC4,1
nutnet,2017,B4_10,CARO2,7
nutnet,2017,B4_10,CARUD,16
nutnet,2017,B4_10,CAUN2,1
nutnet,2017,B4_10,CEARS2,2
nutnet,2017,B4_10,CHJA,1
nutnet,2017,B4_10,FEBR,2
nutnet,2017,B4_10,KOMY,15
nutnet,2017,B4_10,LEPY2,1
nutnet,2017,B4_10,LLSE,1
nutnet,2017,B4_10,LUSP4,1
nutnet,2017,B4_10,MELA3,1
nutnet,2017,B4_10,MIOB2,7
nutnet,2017,B4_10,ORAL,9
nutnet,2017,B4_10,PEPA3,1
nutnet,2017,B4_10,PHPU5,1
nutnet,2017,B4_10,POA,6
nutnet,2017,B4_10,POBI6,1
nutnet,2017,B4_10,POVI,30
nutnet,2017,B4_10,SELA,1
nutnet,2017,B4_10,TEGR3,1
nutnet,2017,B4_10,TRSP2,7
sdl,1997,1,2LTR,9
sdl,1997,1,ARSC,2
sdl,1997,1,CARUD,14
sdl,1997,1,ERNA,1
sdl,1997,1,GERO2,10
sdl,1997,1,KOMY,29
sdl,1997,1,LLSE,6
sdl,1997,1,MIOB2,1
sdl,1997,1,NOFEG,2
sdl,1997,1,ORAL,2
sdl,1997,1,POBI6,1
sdl,1997,1,POVI3,4
sdl,1997,1,SELA,1
sdl,1997,1,TRDA2,15
sdl,1997,1,VIAD,1
sdl,1997,2,2BARE,1
sdl,1997,2,2LTR,9
sdl,1997,2,CARO2,1
sdl,1997,2,CARUD,10
sdl,1997,2,ERSI3,1
sdl,1997,2,GERO2,14
sdl,1997,2,KOMY,10
sdl,1997,2,NOFEG,4
sdl,1997,2,ORAL,17
sdl,1997,2,PHPU5,1
sdl,1997,2,SEDES,1
sdl,1997,2,TRDA2,31
sdl,1997,3,2LICHN,4
sdl,1997,3,2LTR,10
sdl,1997,3,2RF,2
sdl,1997,3,CAHEE,1
sdl,1997,3,CARO2,3
sdl,1997,3,CARUD,16
sdl,1997,3,CEARS2,1
sdl,1997,3,DRAU,1
sdl,1997,3,ERCA14,1
sdl,1997,3,GERO2,6
sdl,1997,3,KOMY,15
sdl,1997,3,LLSE,2
sdl,1997,3,MELA3,2
sdl,1997,3,MIOB2,2
sdl,1997,3,NOFEG,1
sdl,1997,3,ORAL,13
sdl,1997,3,PHPU5,2
sdl,1997,3,POVI3,2
sdl,1997,3,SEDES,3
sdl,1997,3,TEACC,1
sdl,1997,3,TRDA2,11
sdl,1997,4,2BARE,1
sdl,1997,4,2LICHN,2
sdl,1997,4,2LTR,6
sdl,1997,4,2RF,5
sdl,1997,4,ARSC,3
sdl,1997,4,CARO2,3
sdl,1997,4,CARUD,11
sdl,1997,4,ERSI3,2
sdl,1997,4,FEBR,1
sdl,1997,4,GERO2,4
sdl,1997,4,KOMY,12
sdl,1997,4,ORAL,13
sdl,1997,4,TRDA2,35
sdl,1997,5,2LICHN,8
sdl,1997,5,2LTR,22
sdl,1997,5,ARFEF3,3
sdl,1997,5,CAPU,3
sdl,1997,5,CARUD,4
sdl,1997,5,GERO2,5
sdl,1997,5,KOMY,35
sdl,1997,5,MIBI9,2
sdl,1997,5,MIOB2,4
sdl,1997,5,NOFEG,1
sdl,1997,5,POARG,3
sdl,1997,5,POBI6,5
sdl,1997,6,2LICHN,4
sdl,1997,6,2LTR,17
sdl,1997,6,ALGE,1
sdl,1997,6,CAPU,2
sdl,1997,6,CARUD,4
sdl,1997,6,DRAU,2
sdl,1997,6,DRBRC,1
sdl,1997,6,GERO2,10
sdl,1997,6,KOMY,26
sdl,1997,6,MIOB2,1
sdl,1997,6,ORAL,5
sdl,1997,6,POARG,4
sdl,1997,6,POBI6,5
sdl,1997,6,POGL,6
sdl,1997,6,SIACS2,1
sdl,1997,6,TRDA2,10
sdl,1997,6,TRPAP,2
sdl,1997,7,2LICHN,5
sdl,1997,7,2LTR,25
sdl,1997,7,AGME3,1
sdl,1997,7,ARFEF3,3
sdl,1997,7,CAPU,2
sdl,1997,7,CARO2,2
sdl,1997,7,CARUD,1
sdl,1997,7,GERO2,3
sdl,1997,7,KOMY,30
sdl,1997,7,MIOB2,1
sdl,1997,7,ORAL,9
sdl,1997,7,POARG,4
sdl,1997,7,POBI6,2
sdl,1997,7,POGL,3
sdl,1997,7,SIACS2,3
sdl,1997,7,TRDA2,6
sdl,1997,8,2LICHN,6
sdl,1997,8,2LTR,23
sdl,1997,8,CAHEE,1
sdl,1997,8,CARUD,5
sdl,1997,8,DRAU,1
sdl,1997,8,FEBR,8
sdl,1997,8,GERO2,3
sdl,1997,8,KOMY,33
sdl,1997,8,LLSE,1
sdl,1997,8,MIBI9,1
sdl,1997,8,MIOB2,3
sdl,1997,8,NOFEG,1
sdl,1997,8,ORAL,10
sdl,1997,8,POBI6,1
sdl,1997,8,POGL,4
sdl,1997,9,2LICHN,2
sdl,1997,9,2LTR,42
sdl,1997,9,GERO2,6
sdl,1997,9,KOMY,9
sdl,1997,9,NOFEG,1
sdl,1997,9,ORAL,10
sdl,1997,9,POARG,7
sdl,1997,9,POBI6,3
sdl,1997,9,POGL,3
sdl,1997,9,TRSP2,1
sdl,1997,10,2LTR,21
sdl,1997,10,ARSC,4
sdl,1997,10,CAHEE,1
sdl,1997,10,CAPU,1
sdl,1997,10,CARO2,5
sdl,1997,10,CEARS2,2
sdl,1997,10,ERPI6,1
sdl,1997,10,ERSI3,1
sdl,1997,10,FEBR,7
sdl,1997,10,GERO2,15
sdl,1997,10,KOMY,3
sdl,1997,10,LLSE,1
sdl,1997,10,MELA3,3
sdl,1997,10,ORAL,15
sdl,1997,10,POARG,12
sdl,1997,10,POBI6,4
sdl,1997,10,POVI3,1
sdl,1997,10,TEGR3,1
sdl,1997,10,TRDA2,6
sdl,1997,11,2LTR,11
sdl,1997,11,ARSC,7
sdl,1997,11,CARUD,1
sdl,1997,11,CASC12,1
sdl,1997,11,ERSI3,3
sdl,1997,11,FEBR,18
sdl,1997,11,GERO2,13
sdl,1997,11,KOMY,16
sdl,1997,11,LLSE,1
sdl,1997,11,ORAL,13
sdl,1997,11,POARG,2
sdl,1997,11,POGL,4
sdl,1997,11,POVI3,2
sdl,1997,11,TEGR3,1
sdl,1997,11,TRDA2,1
sdl,1997,12,2LICHN,1
sdl,1997,12,2LTR,27
sdl,1997,12,ARFEF3,2
sdl,1997,12,ARSC,1
sdl,1997,12,CAPU,16
sdl,1997,12,CARO2,5
sdl,1997,12,CARUD,2
sdl,1997,12,DRBRC,1
sdl,1997,12,FEBR,7
sdl,1997,12,GERO2,2
sdl,1997,12,KOMY,15
sdl,1997,12,ORAL,9
sdl,1997,12,POARG,4
sdl,1997,12,TRDA2,8
sdl,1997,13,2LTR,13
sdl,1997,13,ARSC,16
sdl,1997,13,CANO3,1
sdl,1997,13,CEARS2,3
sdl,1997,13,DECE,5
sdl,1997,13,GERO2,29
sdl,1997,13,KOMY,4
sdl,1997,13,LLSE,2
sdl,1997,13,NOFEG,7
sdl,1997,13,POAL2,1
sdl,1997,13,POARG,2
sdl,1997,13,POBI6,1
sdl,1997,13,SEDES,1
sdl,1997,13,STLO2,7
sdl,1997,13,TRPAP,6
sdl,1997,13,TRSP2,1
sdl,1997,14,2LICHN,1
sdl,1997,14,2LTR,16
sdl,1997,14,2MOSS,1
sdl,1997,14,ARSC,4
sdl,1997,14,CARO2,1
sdl,1997,14,CARUD,10
sdl,1997,14,GERO2,13
sdl,1997,14,KOMY,25
sdl,1997,14,LLSE,1
sdl,1997,14,MIBI9,11
sdl,1997,14,NOFEG,11
sdl,1997,14,ORAL,4
sdl,1997,14,TRDA2,21
sdl,1997,15,2LICHN,4
sdl,1997,15,2LTR,9
sdl,1997,15,2MOSS,1
sdl,1997,15,AGME3,1
sdl,1997,15,ARFEF3,1
sdl,1997,15,ARSC,4
sdl,1997,15,CARO2,3
sdl,1997,15,CARUD,5
sdl,1997,15,CEARS2,3
sdl,1997,15,FEBR,3
sdl,1997,15,GERO2,3
sdl,1997,15,KOMY,26
sdl,1997,15,MIOB2,10
sdl,1997,15,ORAL,8
sdl,1997,15,SEDES,5
sdl,1997,15,SIACS2,1
sdl,1997,15,TRDA2,13
sdl,1997,16,2LICHN,6
sdl,1997,16,2LTR,19
sdl,1997,16,2MOSS,1
sdl,1997,16,AGME3,4
sdl,1997,16,CAHEE,2
sdl,1997,16,CARO2,4
sdl,1997,16,CARUD,1
sdl,1997,16,ERNA,1
sdl,1997,16,KOMY,48
sdl,1997,16,LLSE,1
sdl,1997,16,MIOB2,3
sdl,1997,16,NOFEG,1
sdl,1997,16,ORAL,2
sdl,1997,16,PHPU5,1
sdl,1997,16,POGL,1
sdl,1997,16,SEDES,1
sdl,1997,16,SIACS2,1
sdl,1997,16,TEACC,2
sdl,1997,16,VIAD,1
sdl,2012,1,2LTR,6
sdl,2012,1,ARSC,2
sdl,2012,1,CARUD,20
sdl,2012,1,DRAU,1
sdl,2012,1,ERCA14,1
sdl,2012,1,ERPI6,2
sdl,2012,1,ERSI3,1
sdl,2012,1,FEBR,2
sdl,2012,1,GERO2,14
sdl,2012,1,JUNCU,2
sdl,2012,1,KOMY,41
sdl,2012,1,LLSE,12
sdl,2012,1,NOFEG,2
sdl,2012,1,ORAL,6
sdl,2012,1,PHPU5,3
sdl,2012,1,POAL2,1
sdl,2012,1,POBI6,2
sdl,2012,1,POVI3,1
sdl,2012,1,SEDES,5
sdl,2012,1,TEGR3,3
sdl,2012,1,TRDA2,37
sdl,2012,1,VILA10,3
sdl,2012,2,2LTR,16
sdl,2012,2,ARFEF3,2
sdl,2012,2,CARUD,21
sdl,2012,2,ERPI6,1
sdl,2012,2,GERO2,23
sdl,2012,2,HEMO3,3
sdl,2012,2,KOMY,31
sdl,2012,2,LLSE,10
sdl,2012,2,MELA3,3
sdl,2012,2,MIOB2,1
sdl,2012,2,NOFEG,1
sdl,2012,2,ORAL,11
sdl,2012,2,PHPU5,2
sdl,2012,2,POBI6,1
sdl,2012,2,SELA,1
sdl,2012,2,TRDA2,38
sdl,2012,3,2BARE,2
sdl,2012,3,2LTR,17
sdl,2012,3,2RF,3
sdl,2012,3,ARFEF3,3
sdl,2012,3,CARUD,9
sdl,2012,3,CAUN2,2
sdl,2012,3,CEARS2,3
sdl,2012,3,DRAU,1
sdl,2012,3,ERPI6,3
sdl,2012,3,ERSI3,2
sdl,2012,3,GERO2,17
sdl,2012,3,KOMY,20
sdl,2012,3,LLSE,6
sdl,2012,3,MELA3,2
sdl,2012,3,MIOB2,7
sdl,2012,3,NOFEG,1
sdl,2012,3,ORAL,12
sdl,2012,3,PHPU5,1
sdl,2012,3,POBI6,2
sdl,2012,3,PODI2,1
sdl,2012,3,POVI,7
sdl,2012,3,SEDES,5
sdl,2012,3,SELA,4
sdl,2012,3,SOSIN,1
sdl,2012,3,TEACC,3
sdl,2012,3,TRDA2,2
sdl,2012,3,TRSP2,6
sdl,2012,4,2BARE,13
sdl,2012,4,2LTR,9
sdl,2012,4,2RF,4
sdl,2012,4,ARFEF3,3
sdl,2012,4,ARSC,4
sdl,2012,4,CAOC4,1
sdl,2012,4,CARUD,13
sdl,2012,4,CEARS2,4
sdl,2012,4,DAIN,1
sdl,2012,4,DECE,1
sdl,2012,4,ERCA14,1
sdl,2012,4,ERNA,2
sdl,2012,4,ERPI6,3
sdl,2012,4,ERSI3,2
sdl,2012,4,FEBR,10
sdl,2012,4,GERO2,16
sdl,2012,4,HEMO3,5
sdl,2012,4,KOMY,16
sdl,2012,4,LLSE,1
sdl,2012,4,MELA3,1
sdl,2012,4,ORAL,11
sdl,2012,4,PHPU5,7
sdl,2012,4,POAL2,3
sdl,2012,4,TRDA2,19
sdl,2012,4,VILA10,1
sdl,2012,5,2LTR,25
sdl,2012,5,ARFEF3,4
sdl,2012,5,ARSC,9
sdl,2012,5,CAPU,5
sdl,2012,5,CARUD,4
sdl,2012,5,DECE,9
sdl,2012,5,FEBR,25
sdl,2012,5,GERO2,12
sdl,2012,5,KOMY,7
sdl,2012,5,MIOB2,10
sdl,2012,5,NOFEG,1
sdl,2012,5,ORAL,4
sdl,2012,5,POBI6,5
sdl,2012,6,2BARE,2
sdl,2012,6,2LTR,24
sdl,2012,6,ARSC,5
sdl,2012,6,CAPU,3
sdl,2012,6,CARO2,1
sdl,2012,6,CARUD,10
sdl,2012,6,DAIN,2
sdl,2012,6,DECE,3
sdl,2012,6,DRAU,1
sdl,2012,6,ERSI3,1
sdl,2012,6,FEBR,11
sdl,2012,6,GERO2,16
sdl,2012,6,KOMY,18
sdl,2012,6,LLSE,3
sdl,2012,6,MIOB2,3
sdl,2012,6,NOFEG,1
sdl,2012,6,ORAL,2
sdl,2012,6,POBI6,4
sdl,2012,6,SAGL,9
sdl,2012,6,TEGR3,1
sdl,2012,6,TRDA2,5
sdl,2012,6,TRPAP,1
sdl,2012,7,2BARE,2
sdl,2012,7,2LTR,28
sdl,2012,7,ARFEF3,4
sdl,2012,7,CARO2,7
sdl,2012,7,CARUD,5
sdl,2012,7,DECE,32
sdl,2012,7,FEBR,12
sdl,2012,7,GERO2,6
sdl,2012,7,KOMY,2
sdl,2012,7,LLSE,3
sdl,2012,7,MIOB2,6
sdl,2012,7,ORAL,8
sdl,2012,7,TRDA2,6
sdl,2012,8,2BARE,1
sdl,2012,8,2LTR,8
sdl,2012,8,ARFEF3,2
sdl,2012,8,ARSC,7
sdl,2012,8,CARO2,2
sdl,2012,8,CARUD,16
sdl,2012,8,DAIN,1
sdl,2012,8,DECE,9
sdl,2012,8,FEBR,28
sdl,2012,8,GERO2,9
sdl,2012,8,JUNCU,2
sdl,2012,8,KOMY,10
sdl,2012,8,LLSE,1
sdl,2012,8,MIOB2,8
sdl,2012,8,ORAL,6
sdl,2012,8,POAL2,2
sdl,2012,8,POBI6,3
sdl,2012,8,SEDES,2
sdl,2012,8,TRSP2,1
sdl,2012,9,2BARE,5
sdl,2012,9,2LTR,11
sdl,2012,9,ARSC,5
sdl,2012,9,DECE,22
sdl,2012,9,FEBR,6
sdl,2012,9,GERO2,48
sdl,2012,9,LLSE,1
sdl,2012,9,MELA3,2
sdl,2012,9,ORAL,12
sdl,2012,10,2LTR,10
sdl,2012,10,ARSC,6
sdl,2012,10,CARO2,10
sdl,2012,10,CEARS2,5
sdl,2012,10,DAIN,2
sdl,2012,10,DECE,15
sdl,2012,10,ERPI6,1
sdl,2012,10,FEBR,11
sdl,2012,10,GERO2,48
sdl,2012,10,KOMY,1
sdl,2012,10,MELA3,3
sdl,2012,10,ORAL,18
sdl,2012,10,POBI6,2
sdl,2012,10,POVI,1
sdl,2012,10,TRDA2,3
sdl,2012,11,2BARE,2
sdl,2012,11,2LTR,13
sdl,2012,11,ARSC,45
sdl,2012,11,CARO2,1
sdl,2012,11,CEARS2,2
sdl,2012,11,DECE,13
sdl,2012,11,ERSI3,2
sdl,2012,11,FEBR,10
sdl,2012,11,GERO2,27
sdl,2012,11,JUNCU,15
sdl,2012,11,LLSE,2
sdl,2012,11,ORAL,1
sdl,2012,11,POBI6,7
sdl,2012,11,SOSIN,1
sdl,2012,11,TRDA2,1
sdl,2012,12,2BARE,5
sdl,2012,12,2LTR,9
sdl,2012,12,ARFEF3,3
sdl,2012,12,ARSC,8
sdl,2012,12,CAPU,8
sdl,2012,12,CARUD,3
sdl,2012,12,CEARS2,7
sdl,2012,12,DECE,41
sdl,2012,12,GERO2,20
sdl,2012,12,HEMO3,13
sdl,2012,12,KOMY,4
sdl,2012,12,LLSE,5
sdl,2012,12,MELA3,3
sdl,2012,12,NOFEG,1
sdl,2012,12,ORAL,30
sdl,2012,12,POBI6,2
sdl,2012,12,SELA,2
sdl,2012,12,TRDA2,4
sdl,2012,13,2BARE,2
sdl,2012,13,2LTR,5
sdl,2012,13,ARFEF3,2
sdl,2012,13,ARSC,6
sdl,2012,13,CAPU,3
sdl,2012,13,CASC12,1
sdl,2012,13,CEARS2,1
sdl,2012,13,DECE,1
sdl,2012,13,DRAU,2
sdl,2012,13,ERSI3,4
sdl,2012,13,GERO2,14
sdl,2012,13,HEMO3,2
sdl,2012,13,KOMY,62
sdl,2012,13,LLSE,2
sdl,2012,13,MELA3,2
sdl,2012,13,NOFEG,2
sdl,2012,13,ORAL,12
sdl,2012,13,POBI6,3
sdl,2012,13,SELA,1
sdl,2012,13,TEACC,3
sdl,2012,13,TRDA2,16
sdl,2012,14,2BARE,1
sdl,2012,14,2FORB,1
sdl,2012,14,2LTR,11
sdl,2012,14,ARSC,6
sdl,2012,14,CARO2,1
sdl,2012,14,CARUD,4
sdl,2012,14,CEARS2,3
sdl,2012,14,DECE,11
sdl,2012,14,ERSI3,2
sdl,2012,14,FEBR,4
sdl,2012,14,GERO2,18
sdl,2012,14,HEMO3,1
sdl,2012,14,KOMY,22
sdl,2012,14,LLSE,3
sdl,2012,14,MIOB2,9
sdl,2012,14,NOFEG,3
sdl,2012,14,ORAL,5
sdl,2012,14,POAL2,2
sdl,2012,14,POARG,1
sdl,2012,14,SEDES,4
sdl,2012,14,SELA,1
sdl,2012,14,TRDA2,30
sdl,2012,15,2BARE,6
sdl,2012,15,2LTR,23
sdl,2012,15,ARFEF3,1
sdl,2012,15,ARSC,4
sdl,2012,15,CARUD,6
sdl,2012,15,CEARS2,1
sdl,2012,15,DRAU,4
sdl,2012,15,ERPI6,3
sdl,2012,15,FEBR,27
sdl,2012,15,GERO2,8
sdl,2012,15,HEMO3,3
sdl,2012,15,KOMY,11
sdl,2012,15,LLSE,2
sdl,2012,15,ORAL,17
sdl,2012,15,PHPU5,4
sdl,2012,15,POAL2,4
sdl,2012,15,POBI6,5
sdl,2012,15,SEDES,2
sdl,2012,15,SELA,1
sdl,2012,15,SIACS2,6
sdl,2012,15,TRDA2,39
sdl,2012,16,2BARE,4
sdl,2012,16,2LICHN,11
sdl,2012,16,2LTR,2
sdl,2012,16,ARFEF3,1
sdl,2012,16,ARSC,1
sdl,2012,16,CAUN2,4
sdl,2012,16,DECE,3
sdl,2012,16,DRAU,2
sdl,2012,16,FEBR,4
sdl,2012,16,GERO2,7
sdl,2012,16,KOMY,77
sdl,2012,16,LLSE,1
sdl,2012,16,MIOB2,2
sdl,2012,16,NOFEG,1
sdl,2012,16,ORAL,7
sdl,2012,16,POBI6,3
sdl,2012,16,POVI3,1
sdl,2012,16,SEDES,4
sdl,2012,16,SELA,1
sdl,2012,16,SIACS2,3
sdl,2012,16,TEACC,3
sdl,2012,16,TRSP2,3
sdl,2012,16,VILA10,1
sdl,2012,17,2GRAM,1
sdl,2012,17,2LTR,8
sdl,2012,17,ARSC,13
sdl,2012,17,CAOC4,2
sdl,2012,17,CARUD,5
sdl,2012,17,CASC12,4
sdl,2012,17,CEARS2,1
sdl,2012,17,DECE,30
sdl,2012,17,DRAU,1
sdl,2012,17,ERSI3,8
sdl,2012,17,FEBR,4
sdl,2012,17,GEAL2,3
sdl,2012,17,GERO2,53
sdl,2012,17,KOMY,3
sdl,2012,17,LLSE,6
sdl,2012,17,MIOB2,3
sdl,2012,17,NOFEG,2
sdl,2012,17,ORAL,3
sdl,2012,17,POBI6,2
sdl,2012,17,PODI2,2
sdl,2012,17,TRPAP,5
sdl,2012,17,VILA10,2
sdl,2012,18,2LTR,14
sdl,2012,18,ARSC,10
sdl,2012,18,CAOC4,1
sdl,2012,18,CARUD,1
sdl,2012,18,CASC12,2
sdl,2012,18,DECE,12
sdl,2012,18,DROC,30
sdl,2012,18,ERSI3,6
sdl,2012,18,FEBR,2
sdl,2012,18,GEAL2,6
sdl,2012,18,GERO2,26
sdl,2012,18,LLSE,22
sdl,2012,18,MIOB2,2
sdl,2012,18,POBI6,3
sdl,2012,18,POVI3,4
sdl,2012,18,SAGL,7
sdl,2012,18,SEDES,2
sdl,2012,18,STLO2,4
sdl,2012,18,TRPAP,6
sdl,2012,19,2LTR,18
sdl,2012,19,ARSC,13
sdl,2012,19,CARUD,2
sdl,2012,19,CASC12,3
sdl,2012,19,CEARS2,4
sdl,2012,19,DECE,26
sdl,2012,19,DRAU,1
sdl,2012,19,ERSI3,8
sdl,2012,19,FEBR,9
sdl,2012,19,GERO2,23
sdl,2012,19,JUNCU,2
sdl,2012,19,KOMY,5
sdl,2012,19,LLSE,9
sdl,2012,19,MIOB2,8
sdl,2012,19,NOFEG,1
sdl,2012,19,ORAL,2
sdl,2012,19,POAL2,1
sdl,2012,19,POVI3,2
sdl,2012,19,SEDES,7
sdl,2012,19,SOSIN,2
sdl,2012,19,STLO2,1
sdl,2012,19,TRPAP,14
sdl,2012,19,TRSP2,2
sdl,2012,20,2LTR,11
sdl,2012,20,ARSC,7
sdl,2012,20,CASC12,14
sdl,2012,20,CEARS2,5
sdl,2012,20,DECE,38
sdl,2012,20,ERSI3,2
sdl,2012,20,FEBR,6
sdl,2012,20,GERO2,45
sdl,2012,20,LLSE,10
sdl,2012,20,MIOB2,3
sdl,2012,20,ORAL,2
sdl,2012,20,POBI6,1
sdl,2012,20,POVI3,1
sdl,2012,20,STLO2,5
sdl,2012,20,TRPAP,7
sdl,2012,20,TRSP2,3
sdl,2012,21,2BARE,2
sdl,2012,21,2LTR,13
sdl,2012,21,ARSC,10
sdl,2012,21,DECE,46
sdl,2012,21,FEBR,5
sdl,2012,21,GEAL2,2
sdl,2012,21,GERO2,27
sdl,2012,21,HEMO3,1
sdl,2012,21,JUNCU,22
sdl,2012,21,LLSE,1
sdl,2012,21,POAL2,1
sdl,2012,21,POBI6,3
sdl,2012,21,POVI3,3
sdl,2012,21,STLO2,3
sdl,2012,21,TRPAP,17
sdl,2012,22,2LTR,13
sdl,2012,22,ARSC,23
sdl,2012,22,CEARS2,2
sdl,2012,22,DECE,32
sdl,2012,22,FEBR,8
sdl,2012,22,GERO2,49
sdl,2012,22,JUNCU,1
sdl,2012,22,LLSE,4
sdl,2012,22,MELA3,2
sdl,2012,22,POAL2,1
sdl,2012,22,POBI6,3
sdl,2012,22,POVI3,2
sdl,2012,22,TRPAP,6
sdl,2012,23,2LTR,15
sdl,2012,23,ARSC,1
sdl,2012,23,CASC12,19
sdl,2012,23,CEARS2,4
sdl,2012,23,DECE,47
sdl,2012,23,GERO2,40
sdl,2012,23,JUNCU,2
sdl,2012,23,LLSE,2
sdl,2012,23,LUSP4,1
sdl,2012,23,POBI6,1
sdl,2012,23,STLO2,4
sdl,2012,23,TRPAP,2
sdl,2012,24,2BARE,4
sdl,2012,24,2LTR,4
sdl,2012,24,ARSC,5
sdl,2012,24,CASC12,23
sdl,2012,24,DECE,51
sdl,2012,24,ERSI3,1
sdl,2012,24,GERO2,26
sdl,2012,24,JUNCU,1
sdl,2012,24,LLSE,1
sdl,2012,24,POAL2,8
sdl,2012,24,POBI6,9
sdl,2012,24,STLO2,2
sdl,2012,24,TRPAP,3
sdl,2012,24,TRSP2,4
sdl,2012,25,2LTR,7
sdl,2012,25,ARSC,6
sdl,2012,25,CASC12,13
sdl,2012,25,DECE,45
sdl,2012,25,GERO2,55
sdl,2012,25,HEMO3,1
sdl,2012,25,JUNCU,11
sdl,2012,25,LUSP4,1
sdl,2012,25,POAL2,2
sdl,2012,25,POBI6,3
sdl,2012,25,SEDES,1
sdl,2012,25,STLO2,8
sdl,2012,25,TRPAP,5
sdl,2012,26,2LTR,14
sdl,2012,26,ARSC,2
sdl,2012,26,CASC12,52
sdl,2012,26,DECE,21
sdl,2012,26,GEAL2,2
sdl,2012,26,GERO2,37
sdl,2012,26,JUNCU,8
sdl,2012,26,POAL2,1
sdl,2012,26,POBI6,15
sdl,2012,26,STLO2,1
sdl,2012,27,2LTR,4
sdl,2012,27,CASC12,36
sdl,2012,27,DECE,50
sdl,2012,27,GERO2,24
sdl,2012,27,JUNCU,7
sdl,2012,27,POBI6,2
sdl,2012,27,POVI,1
sdl,2012,27,POVI3,1
sdl,2012,27,SAGL,24
sdl,2012,27,STLO2,9
sdl,2012,27,TRPAP,2
sdl,2012,28,2LTR,14
sdl,2012,28,CASC12,42
sdl,2012,28,CEARS2,1
sdl,2012,28,DECE,20
sdl,2012,28,ERSI3,1
sdl,2012,28,GERO2,29
sdl,2012,28,JUNCU,6
sdl,2012,28,LEPY2,1
sdl,2012,28,LLSE,1
sdl,2012,28,POAL2,1
sdl,2012,28,POBI6,5
sdl,2012,28,PODI2,4
sdl,2012,28,STLO2,7
sdl,2012,28,TRPAP,2
sdl,2012,29,2LTR,13
sdl,2012,29,ARSC,8
sdl,2012,29,CAOC4,13
sdl,2012,29,CASC12,6
sdl,2012,29,CEARS2,1
sdl,2012,29,DECE,39
sdl,2012,29,ERSI3,9
sdl,2012,29,GERO2,28
sdl,2012,29,LLSE,11
sdl,2012,29,NOFEG,3
sdl,2012,29,ORAL,4
sdl,2012,29,POAL2,2
sdl,2012,29,POVI3,1
sdl,2012,29,SEDES,1
sdl,2012,29,STLO2,6
sdl,2012,29,TRPAP,10
sdl,2012,30,2LTR,7
sdl,2012,30,2LTRWS,1
sdl,2012,30,ARSC,15
sdl,2012,30,CAOC4,4
sdl,2012,30,CASC12,1
sdl,2012,30,DECE,29
sdl,2012,30,FEBR,10
sdl,2012,30,GEAL2,1
sdl,2012,30,GERO2,24
sdl,2012,30,JUNCU,3
sdl,2012,30,KOMY,1
sdl,2012,30,LEPY2,1
sdl,2012,30,LLSE,11
sdl,2012,30,LUSP4,3
sdl,2012,30,POBI6,1
sdl,2012,30,POVI3,2
sdl,2012,30,SIACS2,1
sdl,2012,30,STLO2,4
sdl,2012,30,TRPAP,31
sdl,2012,30,TRSP2,1
sdl,2012,31,2LTR,14
sdl,2012,31,ARSC,10
sdl,2012,31,CAOC4,1
sdl,2012,31,CEARS2,2
sdl,2012,31,DECE,22
sdl,2012,31,DROC,1
sdl,2012,31,ERSI3,3
sdl,2012,31,FEBR,22
sdl,2012,31,GERO2,35
sdl,2012,31,HEMO3,1
sdl,2012,31,JUNCU,4
sdl,2012,31,LLSE,11
sdl,2012,31,LUSP4,4
sdl,2012,31,MIOB2,2
sdl,2012,31,ORAL,4
sdl,2012,31,POBI6,2
sdl,2012,31,POVI3,1
sdl,2012,31,SEDES,1
sdl,2012,31,STLO2,2
sdl,2012,32,2BARE,1
sdl,2012,32,2LTR,19
sdl,2012,32,ARSC,4
sdl,2012,32,CAOC4,7
sdl,2012,32,CASC12,16
sdl,2012,32,CAUN2,1
sdl,2012,32,CEARS2,1
sdl,2012,32,DECE,47
sdl,2012,32,ERSI3,5
sdl,2012,32,FEBR,3
sdl,2012,32,GERO2,28
sdl,2012,32,JUNCU,2
sdl,2012,32,LLSE,1
sdl,2012,32,LUSP4,2
sdl,2012,32,POBI6,2
sdl,2012,32,POVI3,1
sdl,2012,32,STLO2,6
sdl,2012,32,TRDA2,1
sdl,2012,32,TRPAP,11
sdl,2012,33,2LTR,14
sdl,2012,33,ARSC,7
sdl,2012,33,CASC12,9
sdl,2012,33,DECE,30
sdl,2012,33,ERSI3,1
sdl,2012,33,FEBR,6
sdl,2012,33,GERO2,53
sdl,2012,33,LLSE,1
sdl,2012,33,MIOB2,1
sdl,2012,33,POBI6,4
sdl,2012,34,2LTR,1
sdl,2012,34,2RF,1
sdl,2012,34,ARSC,12
sdl,2012,34,CAOC4,1
sdl,2012,34,CHJA,1
sdl,2012,34,DECE,6
sdl,2012,34,ERSI3,3
sdl,2012,34,FEBR,10
sdl,2012,34,GEAL2,4
sdl,2012,34,GERO2,47
sdl,2012,34,MIOB2,11
sdl,2012,34,POBI6,4
sdl,2012,34,POVI3,3
sdl,2012,34,SEDES,32
sdl,2012,35,2BARE,19
sdl,2012,35,2LTR,12
sdl,2012,35,ARSC,19
sdl,2012,35,DECE,11
sdl,2012,35,FEBR,8
sdl,2012,35,GERO2,30
sdl,2012,35,LLSE,8
sdl,2012,35,MIOB2,16
sdl,2012,35,POBI6,1
sdl,2012,35,POVI,1
sdl,2012,36,2LTR,18
sdl,2012,36,ARSC,20
sdl,2012,36,CAOC4,6
sdl,2012,36,DECE,42
sdl,2012,36,FEBR,4
sdl,2012,36,GERO2,6
sdl,2012,36,HEMO3,1
sdl,2012,36,LEPY2,1
sdl,2012,36,LUSP4,1
sdl,2012,36,MELA3,3
sdl,2012,36,MIOB2,25
sdl,2012,36,POBI6,3
sdl,2012,36,POVI,1
sdl,2012,37,2LTR,18
sdl,2012,37,CASC12,7
sdl,2012,37,DECE,69
sdl,2012,37,FEBR,3
sdl,2012,37,LLSE,1
sdl,2012,37,LUSP4,1
sdl,2012,37,MIOB2,7
sdl,2012,37,POBI6,3
sdl,2012,38,2LTR,9
sdl,2012,38,DECE,87
sdl,2012,38,FEBR,2
sdl,2012,38,LEPY2,1
sdl,2012,38,MIOB2,6
sdl,2012,38,POBI6,12
sdl,2012,38,TRPAP,3
sdl,2012,38,TRSP2,1
sdl,2012,39,2LTR,10
sdl,2012,39,ARSC,17
sdl,2012,39,DECE,83
sdl,2012,39,GERO2,12
sdl,2012,39,LUSP4,5
sdl,2012,39,MIOB2,4
sdl,2012,39,POBI6,7
sdl,2012,39,POVI,1
sdl,2012,40,2LTR,5
sdl,2012,40,ARSC,2
sdl,2012,40,DECE,96
sdl,2012,40,FEBR,1
sdl,2012,40,GERO2,4
sdl,2012,40,MIOB2,1
sdl,2012,40,POBI6,12
sdl,2012,40,TRPAP,4
sdl,2012,41,2LTR,4
sdl,2012,41,DECE,96
sdl,2012,41,FEBR,8
sdl,2012,41,GERO2,8
sdl,2012,41,POBI6,20
sdl,2012,42,2LTR,5
sdl,2012,42,CASC12,55
sdl,2012,42,DECE,54
sdl,2012,42,FEBR,2
sdl,2012,42,POBI6,4
sdl,2012,42,TRSP2,3
sdl,2012,43,2LTR,5
sdl,2012,43,DECE,87
sdl,2012,43,FEBR,3
sdl,2012,43,MIOB2,2
sdl,2012,43,POBI6,5
sdl,2012,44,2LTR,8
sdl,2012,44,DECE,85
sdl,2012,44,FEBR,1
sdl,2012,44,POBI6,4
sdl,2012,44,TRPAP,1
sdl,2012,44,TRSP2,3
sdl,2012,45,2LTR,14
sdl,2012,45,2RF,2
sdl,2012,45,ARSC,13
sdl,2012,45,CAOC4,5
sdl,2012,45,CHJA,2
sdl,2012,45,DECE,18
sdl,2012,45,ERSI3,13
sdl,2012,45,FEBR,10
sdl,2012,45,GERO2,36
sdl,2012,45,LLSE,1
sdl,2012,45,MIOB2,6
sdl,2012,45,POBI6,5
sdl,2012,45,SEDES,5
sdl,2012,46,2LTR,17
sdl,2012,46,ARSC,10
sdl,2012,46,CALE4,1
sdl,2012,46,CAOC4,2
sdl,2012,46,CASC12,5
sdl,2012,46,CHJA,1
sdl,2012,46,DECE,26
sdl,2012,46,ERPI6,1
sdl,2012,46,ERSI3,5
sdl,2012,46,FEBR,7
sdl,2012,46,GEAL2,1
sdl,2012,46,GERO2,32
sdl,2012,46,MIOB2,9
sdl,2012,46,POBI6,5
sdl,2012,46,TRPAP,3
sdl,2012,46,TRSP2,5
sdl,2012,47,2LTR,11
sdl,2012,47,ARSC,13
sdl,2012,47,CAOC4,3
sdl,2012,47,CASC12,9
sdl,2012,47,CHJA,2
sdl,2012,47,DECE,39
sdl,2012,47,ERSI3,10
sdl,2012,47,FEBR,11
sdl,2012,47,GERO2,27
sdl,2012,47,JUNCU,9
sdl,2012,47,LEPY2,1
sdl,2012,47,MIOB2,20
sdl,2012,47,POBI6,7
sdl,2012,47,TRPAP,2
sdl,2012,47,TRSP2,1
sdl,2012,48,2LTR,23
sdl,2012,48,ARSC,4
sdl,2012,48,CASC12,6
sdl,2012,48,DECE,47
sdl,2012,48,FEBR,3
sdl,2012,48,GERO2,20
sdl,2012,48,LUSP4,3
sdl,2012,48,MIOB2,5
sdl,2012,48,POBI6,8
sdl,2012,48,TRSP2,3
sdl,2012,49,2BARE,1
sdl,2012,49,2LTR,12
sdl,2012,49,ANAL4,2
sdl,2012,49,ARSC,16
sdl,2012,49,CAOC4,4
sdl,2012,49,CASC12,8
sdl,2012,49,DECE,4
sdl,2012,49,DRAU,1
sdl,2012,49,ERSI3,9
sdl,2012,49,FEBR,6
sdl,2012,49,GERO2,32
sdl,2012,49,KOMY,2
sdl,2012,49,LLSE,7
sdl,2012,49,MIOB2,1
sdl,2012,49,NOFEG,2
sdl,2012,49,ORAL,9
sdl,2012,49,POAL2,4
sdl,2012,49,POBI6,4
sdl,2012,49,POVI3,3
sdl,2012,49,SARH2,2
sdl,2012,49,SEDES,2
sdl,2012,49,SIACS2,1
sdl,2012,49,STLO2,2
sdl,2012,49,TRPAP,12
sdl,2012,50,2LTR,8
sdl,2012,50,ARSC,8
sdl,2012,50,CAOC4,3
sdl,2012,50,DECE,52
sdl,2012,50,ERSI3,3
sdl,2012,50,FEBR,1
sdl,2012,50,GERO2,39
sdl,2012,50,LLSE,4
sdl,2012,50,ORAL,1
sdl,2012,50,POBI6,5
sdl,2012,50,POVI3,4
sdl,2012,50,TRPAP,12
sdl,2012,51,2LTR,13
sdl,2012,51,ARSC,10
sdl,2012,51,CEARS2,3
sdl,2012,51,DECE,26
sdl,2012,51,DROC,2
sdl,2012,51,ERSI3,22
sdl,2012,51,FEBR,3
sdl,2012,51,GERO2,36
sdl,2012,51,LLSE,9
sdl,2012,51,ORAL,11
sdl,2012,51,POBI6,6
sdl,2012,51,POVI3,4
sdl,2012,51,SEDES,3
sdl,2012,51,STLO2,2
sdl,2012,52,2BARE,4
sdl,2012,52,2LTR,27
sdl,2012,52,ARSC,9
sdl,2012,52,CAOC4,2
sdl,2012,52,CASC12,2
sdl,2012,52,CEARS2,6
sdl,2012,52,DECE,17
sdl,2012,52,ERSI3,17
sdl,2012,52,GERO2,10
sdl,2012,52,JUNCU,1
sdl,2012,52,LLSE,27
sdl,2012,52,NOFEG,1
sdl,2012,52,POBI6,3
sdl,2012,52,POVI3,1
sdl,2012,52,STLO2,2
sdl,2012,52,TRPAP,3
sdl,2012,52,VILA10,1
sdl,2012,53,2BARE,9
sdl,2012,53,2LTR,8
sdl,2012,53,2RF,2
sdl,2012,53,ARSC,1
sdl,2012,53,CEARS2,1
sdl,2012,53,DECE,53
sdl,2012,53,GERO2,26
sdl,2012,53,LLSE,1
sdl,2012,53,SEDES,1
sdl,2012,54,2LTR,2
sdl,2012,54,CASC12,86
sdl,2012,54,DECE,23
sdl,2012,54,ERSI3,3
sdl,2012,54,GERO2,17
sdl,2012,54,POBI6,2
sdl,2012,54,SELA,1
sdl,2012,54,TRPAP,15
sdl,2012,55,2BARE,1
sdl,2012,55,2LTR,23
sdl,2012,55,ARSC,22
sdl,2012,55,CEARS2,9
sdl,2012,55,DECE,23
sdl,2012,55,ERSI3,10
sdl,2012,55,FEBR,2
sdl,2012,55,GERO2,12
sdl,2012,55,LLSE,2
sdl,2012,55,NOFEG,1
sdl,2012,55,ORAL,1
sdl,2012,55,POBI6,5
sdl,2012,55,POVI3,1
sdl,2012,55,SEDES,6
sdl,2012,55,STLO2,2
sdl,2012,55,TRPAP,11
sdl,2012,55,TRSP2,2
sdl,2012,56,2LTR,14
sdl,2012,56,ARFEF3,2
sdl,2012,56,ARSC,14
sdl,2012,56,CAUN2,1
sdl,2012,56,CEARS2,5
sdl,2012,56,DECE,12
sdl,2012,56,ERSI3,13
sdl,2012,56,FEBR,2
sdl,2012,56,GERO2,35
sdl,2012,56,LLSE,7
sdl,2012,56,NOFEG,2
sdl,2012,56,ORAL,1
sdl,2012,56,POAL2,5
sdl,2012,56,POBI6,7
sdl,2012,56,POVI3,1
sdl,2012,56,SEDES,2
sdl,2012,56,SOSIN,1
sdl,2012,56,STLO2,8
sdl,2012,56,TRDA2,6
sdl,2012,56,TRSP2,3
sdl,2012,57,2LTR,10
sdl,2012,57,ARSC,9
sdl,2012,57,CASC12,35
sdl,2012,57,DECE,10
sdl,2012,57,FEBR,1
sdl,2012,57,GERO2,32
sdl,2012,57,LLSE,4
sdl,2012,57,ORAL,8
sdl,2012,57,POAL2,2
sdl,2012,57,POBI6,1
sdl,2012,57,STLO2,2
sdl,2012,57,TRPAP,6
sdl,2012,57,TRSP2,11
sdl,2012,58,2LTR,3
sdl,2012,58,ARSC,3
sdl,2012,58,CASC12,67
sdl,2012,58,CEARS2,1
sdl,2012,58,DECE,20
sdl,2012,58,GERO2,42
sdl,2012,58,LLSE,2
sdl,2012,58,POBI6,2
sdl,2012,58,STLO2,3
sdl,2012,58,TRPAP,16
sdl,2012,58,TRSP2,1
sdl,2012,59,2BARE,1
sdl,2012,59,2LTR,5
sdl,2012,59,ARFEF3,1
sdl,2012,59,ARSC,40
sdl,2012,59,CEARS2,5
sdl,2012,59,DECE,1
sdl,2012,59,ERSI3,6
sdl,2012,59,FEBR,1
sdl,2012,59,GERO2,61
sdl,2012,59,JUNCU,6
sdl,2012,59,ORAL,2
sdl,2012,59,POAL2,6
sdl,2012,59,POBI6,8
sdl,2012,59,PODI2,1
sdl,2012,59,POVI3,1
sdl,2012,59,SOSIN,1
sdl,2012,59,TRPAP,1
sdl,2012,59,TRSP2,1
sdl,2012,60,2BARE,2
sdl,2012,60,2LTR,17
sdl,2012,60,CEARS2,6
sdl,2012,60,DECE,26
sdl,2012,60,ERSI3,2
sdl,2012,60,GERO2,47
sdl,2012,60,LLSE,3
sdl,2012,60,ORAL,2
sdl,2012,60,POAL2,7
sdl,2012,60,POBI6,3
sdl,2012,60,STLO2,3
sdl,2012,60,TRDA2,6
sdl,2012,60,TRSP2,10
sdl,2012,61,2BARE,10
sdl,2012,61,2LTR,24
sdl,2012,61,2RF,6
sdl,2012,61,ARSC,2
sdl,2012,61,DECE,6
sdl,2012,61,FEBR,1
sdl,2012,61,GERO2,32
sdl,2012,61,LLSE,5
sdl,2012,61,SEDES,11
sdl,2012,61,TRPAP,11
sdl,2012,62,2BARE,5
sdl,2012,62,2LTR,5
sdl,2012,62,ARSC,14
sdl,2012,62,CAOC4,2
sdl,2012,62,CARUD,5
sdl,2012,62,CEARS2,2
sdl,2012,62,DECE,38
sdl,2012,62,ERSI3,8
sdl,2012,62,GERO2,48
sdl,2012,62,LLSE,4
sdl,2012,62,NOFEG,1
sdl,2012,62,ORAL,1
sdl,2012,62,POAL2,1
sdl,2012,62,POVI3,2
sdl,2012,62,STLO2,3
sdl,2012,62,TRPAP,25
sdl,2012,62,VILA10,1
sdl,2012,63,2LTR,15
sdl,2012,63,ARSC,9
sdl,2012,63,CAOC4,1
sdl,2012,63,CASC12,18
sdl,2012,63,CEARS2,6
sdl,2012,63,DECE,42
sdl,2012,63,ERSI3,3
sdl,2012,63,GERO2,29
sdl,2012,63,LLSE,9
sdl,2012,63,ORAL,9
sdl,2012,63,POAL2,6
sdl,2012,63,POBI6,1
sdl,2012,63,POVI3,2
sdl,2012,63,STLO2,3
sdl,2012,63,TEACC,1
sdl,2012,63,TRPAP,24
sdl,2012,64,2LICHN,1
sdl,2012,64,2LTR,17
sdl,2012,64,ARSC,14
sdl,2012,64,CEARS2,2
sdl,2012,64,DECE,6
sdl,2012,64,DRAU,2
sdl,2012,64,ERSI3,20
sdl,2012,64,FEBR,3
sdl,2012,64,GERO2,22
sdl,2012,64,LLSE,2
sdl,2012,64,MELA3,2
sdl,2012,64,MIOB2,14
sdl,2012,64,NOFEG,5
sdl,2012,64,ORAL,1
sdl,2012,64,POAL2,2
sdl,2012,64,POBI6,5
sdl,2012,64,POVI3,1
sdl,2012,64,SEDES,10
sdl,2012,64,SELA,2
sdl,2012,64,STLO2,3
sdl,2012,64,TRDA2,11
sdl,2012,64,TRSP2,5
sdl,2012,65,2LTR,9
sdl,2012,65,ARSC,5
sdl,2012,65,CEARS2,4
sdl,2012,65,DECE,36
sdl,2012,65,DROC,1
sdl,2012,65,ERSI3,8
sdl,2012,65,FEBR,1
sdl,2012,65,GERO2,53
sdl,2012,65,LLSE,11
sdl,2012,65,POBI6,3
sdl,2012,65,PODI2,1
sdl,2012,65,POVI3,1
sdl,2012,65,SIPR,1
sdl,2012,65,STLO2,3
sdl,2012,65,TRPAP,13
sdl,2012,65,TRSP2,4
sdl,2012,66,2LTR,22
sdl,2012,66,ARSC,16
sdl,2012,66,CASC12,6
sdl,2012,66,DECE,10
sdl,2012,66,DROC,11
sdl,2012,66,ERSI3,1
sdl,2012,66,FEBR,1
sdl,2012,66,GERO2,10
sdl,2012,66,JUNCU,2
sdl,2012,66,LLSE,3
sdl,2012,66,POAL2,15
sdl,2012,66,POBI6,6
sdl,2012,66,PODI2,1
sdl,2012,66,POVI3,5
sdl,2012,66,TRPAP,19
sdl,2012,67,2LTR,14
sdl,2012,67,ARSC,14
sdl,2012,67,CASC12,9
sdl,2012,67,CEARS2,1
sdl,2012,67,DECE,29
sdl,2012,67,DROC,25
sdl,2012,67,FEBR,1
sdl,2012,67,GERO2,13
sdl,2012,67,LLSE,4
sdl,2012,67,POBI6,2
sdl,2012,67,POVI3,3
sdl,2012,67,STLO2,1
sdl,2012,67,TRPAP,15
sdl,2012,68,2BARE,9
sdl,2012,68,2LTR,5
sdl,2012,68,2RF,2
sdl,2012,68,ARSC,19
sdl,2012,68,CAOC4,1
sdl,2012,68,CAUN2,2
sdl,2012,68,CEARS2,3
sdl,2012,68,CHJA,1
sdl,2012,68,DECE,5
sdl,2012,68,DRAU,1
sdl,2012,68,ERSI3,31
sdl,2012,68,FEBR,8
sdl,2012,68,GERO2,13
sdl,2012,68,HEMO3,1
sdl,2012,68,JUNCU,1
sdl,2012,68,LLSE,27
sdl,2012,68,MIOB2,3
sdl,2012,68,NOFEG,1
sdl,2012,68,ORAL,1
sdl,2012,68,POAL2,3
sdl,2012,68,POARG,1
sdl,2012,68,POBI6,5
sdl,2012,68,POVI3,3
sdl,2012,68,SIACS2,2
sdl,2012,68,STLO2,5
sdl,2012,68,TRPAP,13
sdl,2012,68,VILA10,1
sdl,2012,69,2LTR,19
sdl,2012,69,ARSC,5
sdl,2012,69,CASC12,63
sdl,2012,69,DECE,17
sdl,2012,69,FEBR,1
sdl,2012,69,GERO2,6
sdl,2012,69,POBI6,2
sdl,2012,69,POVI3,1
sdl,2012,69,STLO2,1
sdl,2012,69,TRPAP,19
sdl,2012,69,TRSP2,3
sdl,2012,70,2LTR,18
sdl,2012,70,ARSC,1
sdl,2012,70,CASC12,51
sdl,2012,70,DECE,20
sdl,2012,70,DROC,3
sdl,2012,70,GERO2,15
sdl,2012,70,JUNCU,1
sdl,2012,70,POAL2,1
sdl,2012,70,POBI6,3
sdl,2012,70,PODI2,14
sdl,2012,70,TRPAP,8
sdl,2012,71,2LTR,8
sdl,2012,71,ARSC,6
sdl,2012,71,CALE4,2
sdl,2012,71,CASC12,54
sdl,2012,71,DECE,45
sdl,2012,71,GERO2,25
sdl,2012,71,JUNCU,1
sdl,2012,71,LLSE,1
sdl,2012,71,POAL2,4
sdl,2012,71,POBI6,1
sdl,2012,71,SAPL2,2
sdl,2012,71,TRPAP,9
sdl,2012,72,2BARE,2
sdl,2012,72,2LTR,18
sdl,2012,72,ARSC,4
sdl,2012,72,CEARS2,1
sdl,2012,72,DECE,52
sdl,2012,72,GERO2,30
sdl,2012,72,LLSE,1
sdl,2012,72,POAL2,1
sdl,2012,72,POBI6,2
sdl,2012,72,SAGL,4
sdl,2012,72,TRPAP,15
sdl,2012,73,2LTR,1
sdl,2012,73,2RF,1
sdl,2012,73,ARSC,2
sdl,2012,73,CASC12,90
sdl,2012,73,DECE,29
sdl,2012,73,GERO2,35
sdl,2012,73,POBI6,4
sdl,2012,73,PODI2,1
sdl,2012,73,TRPAP,7
sdl,2012,74,2LTR,5
sdl,2012,74,ARSC,3
sdl,2012,74,CAOC4,1
sdl,2012,74,CASC12,88
sdl,2012,74,DECE,7
sdl,2012,74,ERSI3,3
sdl,2012,74,GERO2,21
sdl,2012,74,POBI6,2
sdl,2012,74,TRPAP,3
sdl,2012,75,2LTR,8
sdl,2012,75,ARSC,5
sdl,2012,75,CASC12,41
sdl,2012,75,CEARS2,1
sdl,2012,75,CHJA,1
sdl,2012,75,DAIN,1
sdl,2012,75,DECE,4
sdl,2012,75,ERSI3,8
sdl,2012,75,GERO2,46
sdl,2012,75,JUNCU,5
sdl,2012,75,MELA3,4
sdl,2012,75,NOFEG,1
sdl,2012,75,ORAL,20
sdl,2012,75,POBI6,3
sdl,2012,75,SIACS2,1
sdl,2012,75,STLO2,3
sdl,2012,75,TRSP2,6
sdl,2012,76,2LTR,4
sdl,2012,76,CASC12,76
sdl,2012,76,DECE,3
sdl,2012,76,GERO2,53
sdl,2012,76,POBI6,4
sdl,2012,76,TRPAP,7
sdl,2012,77,2BARE,2
sdl,2012,77,2LTR,10
sdl,2012,77,2RF,1
sdl,2012,77,ARSC,15
sdl,2012,77,CASC12,15
sdl,2012,77,CEARS2,1
sdl,2012,77,DECE,20
sdl,2012,77,ERSI3,3
sdl,2012,77,GERO2,44
sdl,2012,77,LLSE,2
sdl,2012,77,POAL2,1
sdl,2012,77,POBI6,1
sdl,2012,77,PODI2,2
sdl,2012,77,SELA,2
sdl,2012,77,STLO2,4
sdl,2012,77,TRPAP,22
sdl,2012,78,2LTR,5
sdl,2012,78,ARSC,11
sdl,2012,78,CASC12,62
sdl,2012,78,DECE,17
sdl,2012,78,ERSI3,1
sdl,2012,78,GERO2,33
sdl,2012,78,JUNCU,2
sdl,2012,78,POBI6,1
sdl,2012,78,PODI2,2
sdl,2012,78,POVI3,1
sdl,2012,78,SIPR,1
sdl,2012,78,TRPAP,9
sdl,2012,79,2LTR,15
sdl,2012,79,ARSC,15
sdl,2012,79,CAOC4,3
sdl,2012,79,CASC12,34
sdl,2012,79,DECE,28
sdl,2012,79,ERSI3,4
sdl,2012,79,FEBR,1
sdl,2012,79,GERO2,24
sdl,2012,79,LLSE,1
sdl,2012,79,POAL2,1
sdl,2012,79,POBI6,3
sdl,2012,79,POVI,1
sdl,2012,79,SAPL2,8
sdl,2012,79,TRPAP,25
sdl,2012,80,2BARE,1
sdl,2012,80,2LTR,11
sdl,2012,80,ARSC,13
sdl,2012,80,CASC12,2
sdl,2012,80,DECE,28
sdl,2012,80,ERSI3,30
sdl,2012,80,GERO2,28
sdl,2012,80,HEMO3,1
sdl,2012,80,LEPY2,2
sdl,2012,80,LLSE,3
sdl,2012,80,ORAL,8
sdl,2012,80,PHPU5,1
sdl,2012,80,POAL2,21
sdl,2012,80,POBI6,4
sdl,2012,80,PODI2,5
sdl,2012,80,POVI3,1
sdl,2012,80,SEDES,2
sdl,2012,80,TRSP2,3
sdl,2016,1,2BARE,1
sdl,2016,1,2LTR,1
sdl,2016,1,ARSC,1
sdl,2016,1,CARO2,1
sdl,2016,1,CARUD,16
sdl,2016,1,GERO2,19
sdl,2016,1,KOMY,44
sdl,2016,1,LLSE,7
sdl,2016,1,ORAL,5
sdl,2016,1,PHPU5,1
sdl,2016,1,POBI6,3
sdl,2016,1,POVI3,2
sdl,2016,1,TEACC,1
sdl,2016,1,TRDA2,30
sdl,2016,2,CARUD,10
sdl,2016,2,CEARS2,5
sdl,2016,2,ERSI3,8
sdl,2016,2,FEBR,1
sdl,2016,2,GERO2,27
sdl,2016,2,HEMO3,4
sdl,2016,2,KOMY,28
sdl,2016,2,LLSE,9
sdl,2016,2,MELA3,2
sdl,2016,2,ORAL,17
sdl,2016,2,POBI6,1
sdl,2016,2,TRDA2,43
sdl,2016,3,2BARE,10
sdl,2016,3,2LICHN,2
sdl,2016,3,2RF,5
sdl,2016,3,ARFEF3,1
sdl,2016,3,CARO2,5
sdl,2016,3,CARUD,8
sdl,2016,3,CASC12,12
sdl,2016,3,GERO2,22
sdl,2016,3,KOMY,23
sdl,2016,3,MELA3,4
sdl,2016,3,MIOB2,5
sdl,2016,3,ORAL,16
sdl,2016,3,POBI6,3
sdl,2016,3,POVI,5
sdl,2016,3,SEDES,3
sdl,2016,3,STLO2,1
sdl,2016,3,TEACC,2
sdl,2016,3,TRDA2,2
sdl,2016,4,2BARE,12
sdl,2016,4,2RF,5
sdl,2016,4,ARSC,3
sdl,2016,4,CARUD,10
sdl,2016,4,CEARS2,17
sdl,2016,4,ERPI6,1
sdl,2016,4,FEBR,9
sdl,2016,4,GERO2,7
sdl,2016,4,HEMO3,5
sdl,2016,4,KOMY,24
sdl,2016,4,LLSE,4
sdl,2016,4,MIOB2,2
sdl,2016,4,ORAL,18
sdl,2016,4,POVI3,1
sdl,2016,4,SEDES,1
sdl,2016,4,TRDA2,23
sdl,2016,5,2BARE,19
sdl,2016,5,2LTR,4
sdl,2016,5,ARFEF3,2
sdl,2016,5,ARSC,10
sdl,2016,5,CAPU,4
sdl,2016,5,CARUD,9
sdl,2016,5,DECE,2
sdl,2016,5,FEBR,16
sdl,2016,5,GERO2,15
sdl,2016,5,KOMY,15
sdl,2016,5,LLSE,1
sdl,2016,5,MIOB2,5
sdl,2016,5,ORAL,5
sdl,2016,5,POBI6,3
sdl,2016,6,2BARE,4
sdl,2016,6,2LTR,10
sdl,2016,6,ARSC,1
sdl,2016,6,CARUD,20
sdl,2016,6,CEARS2,1
sdl,2016,6,DECE,3
sdl,2016,6,GERO2,21
sdl,2016,6,KOMY,34
sdl,2016,6,LLSE,1
sdl,2016,6,ORAL,2
sdl,2016,6,POBI6,2
sdl,2016,6,SAGL,7
sdl,2016,6,TRDA2,13
sdl,2016,7,2BARE,27
sdl,2016,7,2LICHN,2
sdl,2016,7,ARFEF3,3
sdl,2016,7,ARSC,2
sdl,2016,7,CARUD,5
sdl,2016,7,FEBR,20
sdl,2016,7,GERO2,14
sdl,2016,7,KOMY,12
sdl,2016,7,LLSE,5
sdl,2016,7,MIOB2,4
sdl,2016,7,ORAL,3
sdl,2016,7,POBI6,1
sdl,2016,7,TRDA2,5
sdl,2016,8,2BARE,18
sdl,2016,8,2LICHN,1
sdl,2016,8,2LTR,6
sdl,2016,8,ARFEF3,4
sdl,2016,8,ARSC,9
sdl,2016,8,CARO2,1
sdl,2016,8,CARUD,11
sdl,2016,8,CASC12,4
sdl,2016,8,ERSI3,1
sdl,2016,8,FEBR,14
sdl,2016,8,GERO2,15
sdl,2016,8,KOMY,18
sdl,2016,8,LLSE,2
sdl,2016,8,MIOB2,5
sdl,2016,8,ORAL,5
sdl,2016,8,POBI6,4
sdl,2016,9,2BARE,2
sdl,2016,9,2LTR,9
sdl,2016,9,2MOSS,4
sdl,2016,9,ARFEF3,3
sdl,2016,9,ARSC,7
sdl,2016,9,CASC12,1
sdl,2016,9,DECE,20
sdl,2016,9,GERO2,61
sdl,2016,9,MELA3,3
sdl,2016,9,ORAL,6
sdl,2016,9,POBI6,1
sdl,2016,10,2BARE,5
sdl,2016,10,ARSC,9
sdl,2016,10,CARO2,14
sdl,2016,10,CASC12,1
sdl,2016,10,CEARS2,3
sdl,2016,10,DECE,4
sdl,2016,10,FEBR,2
sdl,2016,10,GERO2,65
sdl,2016,10,MELA3,2
sdl,2016,10,ORAL,20
sdl,2016,10,POBI6,2
sdl,2016,10,POVI,3
sdl,2016,10,TRDA2,1
sdl,2016,11,2BARE,5
sdl,2016,11,2LTR,2
sdl,2016,11,ARSC,40
sdl,2016,11,CASC12,19
sdl,2016,11,CEARS2,1
sdl,2016,11,ERSI3,2
sdl,2016,11,FEBR,13
sdl,2016,11,GERO2,36
sdl,2016,11,POBI6,9
sdl,2016,11,TRDA2,1
sdl,2016,12,2LTR,3
sdl,2016,12,2MOSS,2
sdl,2016,12,ARSC,8
sdl,2016,12,CASC12,28
sdl,2016,12,ERSI3,1
sdl,2016,12,FEBR,18
sdl,2016,12,GERO2,26
sdl,2016,12,KOMY,1
sdl,2016,12,ORAL,34
sdl,2016,12,POBI6,1
sdl,2016,12,SELA,1
sdl,2016,12,STLO2,8
sdl,2016,12,TRDA2,5
sdl,2016,12,TRSP2,1
sdl,2016,13,2BARE,3
sdl,2016,13,ARSC,3
sdl,2016,13,CAPU,10
sdl,2016,13,CARO2,7
sdl,2016,13,CASC12,5
sdl,2016,13,ERSI3,2
sdl,2016,13,FEBR,6
sdl,2016,13,GERO2,11
sdl,2016,13,HEMO3,1
sdl,2016,13,KOMY,43
sdl,2016,13,LEPY2,1
sdl,2016,13,LLSE,4
sdl,2016,13,MIOB2,1
sdl,2016,13,ORAL,7
sdl,2016,13,POBI6,8
sdl,2016,13,TRDA2,13
sdl,2016,14,2BARE,1
sdl,2016,14,2LTR,2
sdl,2016,14,ARSC,15
sdl,2016,14,CARO2,1
sdl,2016,14,CEARS2,1
sdl,2016,14,ERSI3,4
sdl,2016,14,FEBR,14
sdl,2016,14,GERO2,22
sdl,2016,14,KOMY,13
sdl,2016,14,LLSE,2
sdl,2016,14,MELA3,1
sdl,2016,14,MIOB2,4
sdl,2016,14,ORAL,7
sdl,2016,14,POBI6,2
sdl,2016,14,SEDES,1
sdl,2016,14,TEACC,1
sdl,2016,14,TRDA2,36
sdl,2016,15,2BARE,34
sdl,2016,15,2LTR,1
sdl,2016,15,ARFEF3,1
sdl,2016,15,ARSC,6
sdl,2016,15,CARO2,6
sdl,2016,15,CASC12,1
sdl,2016,15,ERPI6,2
sdl,2016,15,FEBR,13
sdl,2016,15,GERO2,2
sdl,2016,15,KOMY,11
sdl,2016,15,LLSE,1
sdl,2016,15,MELA3,1
sdl,2016,15,ORAL,6
sdl,2016,15,POBI6,3
sdl,2016,15,SIACS2,2
sdl,2016,15,STLO2,3
sdl,2016,15,TRDA2,10
sdl,2016,15,TRSP2,4
sdl,2016,16,2BARE,8
sdl,2016,16,2LICHN,4
sdl,2016,16,CAPU,4
sdl,2016,16,CARO2,4
sdl,2016,16,FEBR,6
sdl,2016,16,GERO2,4
sdl,2016,16,KOMY,63
sdl,2016,16,LLSE,1
sdl,2016,16,ORAL,5
sdl,2016,16,POBI6,3
sdl,2016,16,POVI3,1
sdl,2016,16,SEDES,4
sdl,2016,16,SIACS2,2
sdl,2016,16,TEACC,1
sdl,2016,17,2BARE,2
sdl,2016,17,ARSC,19
sdl,2016,17,CAOC4,3
sdl,2016,17,CARUD,1
sdl,2016,17,CASC12,3
sdl,2016,17,CEARS2,3
sdl,2016,17,DECE,35
sdl,2016,17,ERSI3,10
sdl,2016,17,GEAL2,2
sdl,2016,17,GERO2,63
sdl,2016,17,KOMY,6
sdl,2016,17,LLSE,8
sdl,2016,17,ORAL,5
sdl,2016,17,POBI6,1
sdl,2016,17,PODI2,4
sdl,2016,17,TRPAP,1
sdl,2016,18,2BARE,5
sdl,2016,18,ARSC,11
sdl,2016,18,CAOC4,1
sdl,2016,18,CASC12,1
sdl,2016,18,DECE,4
sdl,2016,18,ERSI3,10
sdl,2016,18,FEBR,1
sdl,2016,18,GERO2,19
sdl,2016,18,LLSE,15
sdl,2016,18,POAL2,3
sdl,2016,18,POBI6,7
sdl,2016,18,SAGL,40
sdl,2016,18,SANI8,18
sdl,2016,18,STLO2,5
sdl,2016,18,TRPAP,23
sdl,2016,19,2BARE,3
sdl,2016,19,2LTR,3
sdl,2016,19,ARSC,14
sdl,2016,19,CALE4,1
sdl,2016,19,CARUD,3
sdl,2016,19,CASC12,6
sdl,2016,19,CEARS2,1
sdl,2016,19,DECE,7
sdl,2016,19,ERSI3,9
sdl,2016,19,GEAL2,1
sdl,2016,19,GERO2,30
sdl,2016,19,KOMY,20
sdl,2016,19,LLSE,7
sdl,2016,19,MIOB2,1
sdl,2016,19,ORAL,4
sdl,2016,19,POVI3,2
sdl,2016,19,SEDES,1
sdl,2016,19,TRPAP,29
sdl,2016,20,2LTR,4
sdl,2016,20,ARSC,8
sdl,2016,20,CASC12,15
sdl,2016,20,CEARS2,5
sdl,2016,20,DECE,42
sdl,2016,20,ERSI3,2
sdl,2016,20,FEBR,1
sdl,2016,20,GERO2,64
sdl,2016,20,LLSE,3
sdl,2016,20,MIOB2,1
sdl,2016,20,ORAL,2
sdl,2016,20,POBI6,2
sdl,2016,20,TRPAP,1
sdl,2016,21,2BARE,10
sdl,2016,21,2LTR,26
sdl,2016,21,ARSC,9
sdl,2016,21,CASC12,12
sdl,2016,21,DECE,21
sdl,2016,21,GERO2,29
sdl,2016,21,KOMY,2
sdl,2016,21,POBI6,4
sdl,2016,21,TRPAP,12
sdl,2016,22,2BARE,3
sdl,2016,22,2LTR,4
sdl,2016,22,ARSC,31
sdl,2016,22,CASC12,2
sdl,2016,22,CEARS2,3
sdl,2016,22,DECE,26
sdl,2016,22,ERSI3,1
sdl,2016,22,FEBR,4
sdl,2016,22,GERO2,68
sdl,2016,22,MELA3,4
sdl,2016,22,POBI6,1
sdl,2016,22,POVI3,1
sdl,2016,22,TRPAP,3
sdl,2016,23,2BARE,1
sdl,2016,23,2LTR,4
sdl,2016,23,2MOSS,1
sdl,2016,23,ARSC,1
sdl,2016,23,CASC12,20
sdl,2016,23,CEARS2,9
sdl,2016,23,DECE,53
sdl,2016,23,GERO2,53
sdl,2016,23,POBI6,1
sdl,2016,23,TRPAP,1
sdl,2016,23,TRSP2,4
sdl,2016,24,2BARE,1
sdl,2016,24,ARSC,1
sdl,2016,24,CASC12,43
sdl,2016,24,DECE,76
sdl,2016,24,GERO2,30
sdl,2016,24,LLSE,4
sdl,2016,24,POBI6,14
sdl,2016,24,STLO2,3
sdl,2016,25,2LTR,1
sdl,2016,25,ARSC,2
sdl,2016,25,CASC12,46
sdl,2016,25,DECE,43
sdl,2016,25,GERO2,66
sdl,2016,25,POBI6,2
sdl,2016,25,PODI2,1
sdl,2016,25,POVI3,1
sdl,2016,25,STLO2,9
sdl,2016,25,TRPAP,4
sdl,2016,26,CASC12,61
sdl,2016,26,CEARS2,1
sdl,2016,26,DECE,38
sdl,2016,26,GERO2,49
sdl,2016,26,POBI6,8
sdl,2016,27,2LTR,1
sdl,2016,27,ARSC,1
sdl,2016,27,CASC12,56
sdl,2016,27,DECE,41
sdl,2016,27,GERO2,24
sdl,2016,27,POBI6,2
sdl,2016,27,SAGL,26
sdl,2016,27,STLO2,1
sdl,2016,27,TRPAP,1
sdl,2016,28,2LTR,7
sdl,2016,28,CARUD,3
sdl,2016,28,CASC12,60
sdl,2016,28,DECE,13
sdl,2016,28,GERO2,33
sdl,2016,28,POBI6,5
sdl,2016,28,PODI2,13
sdl,2016,28,STLO2,8
sdl,2016,29,2BARE,6
sdl,2016,29,2LTR,8
sdl,2016,29,ARSC,5
sdl,2016,29,CAOC4,5
sdl,2016,29,CASC12,5
sdl,2016,29,DECE,34
sdl,2016,29,ERSI3,7
sdl,2016,29,GERO2,27
sdl,2016,29,LLSE,25
sdl,2016,29,ORAL,1
sdl,2016,29,POBI6,2
sdl,2016,29,STLO2,6
sdl,2016,29,TRPAP,8
sdl,2016,29,TRSP2,1
sdl,2016,30,ARSC,31
sdl,2016,30,CAOC4,2
sdl,2016,30,CASC12,1
sdl,2016,30,DECE,28
sdl,2016,30,FEBR,1
sdl,2016,30,GERO2,41
sdl,2016,30,KOMY,9
sdl,2016,30,LLSE,3
sdl,2016,30,POAL2,1
sdl,2016,30,POBI6,5
sdl,2016,30,SAGL,1
sdl,2016,30,SAPL2,2
sdl,2016,30,SIACS2,1
sdl,2016,30,STLO2,5
sdl,2016,30,TRPAP,36
sdl,2016,30,TRSP2,1
sdl,2016,31,2BARE,1
sdl,2016,31,2LTR,2
sdl,2016,31,ARSC,20
sdl,2016,31,DECE,26
sdl,2016,31,ERSI3,3
sdl,2016,31,FEBR,14
sdl,2016,31,GERO2,50
sdl,2016,31,KOMY,4
sdl,2016,31,LLSE,5
sdl,2016,31,ORAL,9
sdl,2016,31,POBI6,1
sdl,2016,31,STLO2,5
sdl,2016,31,TRPAP,25
sdl,2016,32,2LTR,4
sdl,2016,32,ARSC,2
sdl,2016,32,CAOC4,6
sdl,2016,32,CASC12,26
sdl,2016,32,CEARS2,6
sdl,2016,32,DECE,63
sdl,2016,32,ERSI3,3
sdl,2016,32,GERO2,20
sdl,2016,32,LLSE,1
sdl,2016,32,POBI6,6
sdl,2016,32,TRPAP,18
sdl,2016,49,2BARE,15
sdl,2016,49,2LTR,1
sdl,2016,49,2MOSS,3
sdl,2016,49,ANME2,2
sdl,2016,49,ARSC,16
sdl,2016,49,CARUD,9
sdl,2016,49,DECE,1
sdl,2016,49,ERSI3,7
sdl,2016,49,FEBR,7
sdl,2016,49,GERO2,35
sdl,2016,49,KOMY,4
sdl,2016,49,LLSE,5
sdl,2016,49,MIOB2,1
sdl,2016,49,ORAL,6
sdl,2016,49,POAL2,3
sdl,2016,49,POBI6,1
sdl,2016,49,PODI2,1
sdl,2016,49,SARH2,1
sdl,2016,49,TRPAP,6
sdl,2016,50,2BARE,5
sdl,2016,50,2LTR,5
sdl,2016,50,ARSC,7
sdl,2016,50,CARO2,1
sdl,2016,50,DECE,62
sdl,2016,50,ERSI3,1
sdl,2016,50,GERO2,38
sdl,2016,50,LLSE,1
sdl,2016,50,POBI6,4
sdl,2016,50,TRPAP,10
sdl,2016,51,2BARE,13
sdl,2016,51,2LTR,2
sdl,2016,51,ARSC,11
sdl,2016,51,CARUD,1
sdl,2016,51,DECE,24
sdl,2016,51,ERSI3,12
sdl,2016,51,GERO2,36
sdl,2016,51,KOMY,4
sdl,2016,51,LLSE,4
sdl,2016,51,ORAL,9
sdl,2016,51,POAL2,3
sdl,2016,51,POBI6,5
sdl,2016,51,SANI8,1
sdl,2016,52,2BARE,6
sdl,2016,52,2LTR,1
sdl,2016,52,ARSC,13
sdl,2016,52,CAOC4,3
sdl,2016,52,CASC12,2
sdl,2016,52,DECE,17
sdl,2016,52,ERSI3,20
sdl,2016,52,GERO2,21
sdl,2016,52,LLSE,32
sdl,2016,52,POBI6,10
sdl,2016,52,SARH2,1
sdl,2016,52,STLO2,2
sdl,2016,52,TRPAP,3
sdl,2016,53,2BARE,3
sdl,2016,53,2LTR,9
sdl,2016,53,2RF,1
sdl,2016,53,CAAQ,14
sdl,2016,53,DECE,55
sdl,2016,53,GERO2,14
sdl,2016,53,TRPAP,24
sdl,2016,54,2BARE,1
sdl,2016,54,2LTR,15
sdl,2016,54,CAAQ,34
sdl,2016,54,CASC12,27
sdl,2016,54,DECE,23
sdl,2016,54,GERO2,7
sdl,2016,54,RHIN11,2
sdl,2016,54,TRPAP,5
sdl,2016,55,2BARE,15
sdl,2016,55,2LTR,2
sdl,2016,55,ARSC,24
sdl,2016,55,CAAQ,1
sdl,2016,55,CASC12,1
sdl,2016,55,CEARS2,9
sdl,2016,55,DECE,21
sdl,2016,55,ERSI3,12
sdl,2016,55,GERO2,8
sdl,2016,55,LLSE,11
sdl,2016,55,ORAL,1
sdl,2016,55,POBI6,5
sdl,2016,55,TRPAP,10
sdl,2016,56,2BARE,5
sdl,2016,56,2LTR,13
sdl,2016,56,ARSC,12
sdl,2016,56,CARO2,2
sdl,2016,56,CEARS2,3
sdl,2016,56,DECE,11
sdl,2016,56,ERSI3,19
sdl,2016,56,GERO2,29
sdl,2016,56,LLSE,12
sdl,2016,56,ORAL,1
sdl,2016,56,POBI6,7
sdl,2016,56,SEDES,1
sdl,2016,56,TRDA2,6
sdl,2016,57,2BARE,4
sdl,2016,57,2LTR,6
sdl,2016,57,ARSC,1
sdl,2016,57,CAAQ,46
sdl,2016,57,DECE,1
sdl,2016,57,GERO2,27
sdl,2016,57,ORAL,3
sdl,2016,57,POAL2,12
sdl,2016,57,TRPAP,6
sdl,2016,58,2LTR,10
sdl,2016,58,CAAQ,53
sdl,2016,58,DECE,8
sdl,2016,58,GERO2,41
sdl,2016,58,ORAL,2
sdl,2016,58,POBI6,1
sdl,2016,58,TRPAP,6
sdl,2016,59,2BARE,2
sdl,2016,59,ARSC,38
sdl,2016,59,CAAQ,13
sdl,2016,59,CEARS2,3
sdl,2016,59,DECE,1
sdl,2016,59,ERSI3,4
sdl,2016,59,GERO2,76
sdl,2016,59,POBI6,2
sdl,2016,59,PODI2,1
sdl,2016,59,TRPAP,1
sdl,2016,60,2BARE,3
sdl,2016,60,2LTR,13
sdl,2016,60,CARO2,1
sdl,2016,60,DECE,4
sdl,2016,60,ERSI3,6
sdl,2016,60,GERO2,56
sdl,2016,60,KOMY,15
sdl,2016,60,LLSE,1
sdl,2016,60,ORAL,1
sdl,2016,60,POBI6,3
sdl,2016,60,STLO2,1
sdl,2016,60,TRPAP,4
sdl,2016,60,TRSP2,5
sdl,2016,61,2BARE,19
sdl,2016,61,2LTR,6
sdl,2016,61,2RF,2
sdl,2016,61,ANSE4,1
sdl,2016,61,CAAQ,1
sdl,2016,61,CAPU,2
sdl,2016,61,CASC12,14
sdl,2016,61,DECE,17
sdl,2016,61,ERSI3,1
sdl,2016,61,GERO2,23
sdl,2016,61,LLSE,2
sdl,2016,61,POAL2,1
sdl,2016,61,PODI2,2
sdl,2016,61,RHIN11,16
sdl,2016,61,TRPAP,10
sdl,2016,62,2BARE,4
sdl,2016,62,2LTR,2
sdl,2016,62,ARSC,16
sdl,2016,62,CAAQ,1
sdl,2016,62,CAOC4,1
sdl,2016,62,CAPU,1
sdl,2016,62,CASC12,4
sdl,2016,62,CEARS2,1
sdl,2016,62,DECE,41
sdl,2016,62,ERSI3,1
sdl,2016,62,GERO2,51
sdl,2016,62,LLSE,2
sdl,2016,62,ORAL,1
sdl,2016,62,TRPAP,22
sdl,2016,63,2BARE,7
sdl,2016,63,2LTR,1
sdl,2016,63,ARSC,5
sdl,2016,63,CAOC4,6
sdl,2016,63,CARO2,4
sdl,2016,63,CASC12,3
sdl,2016,63,CEARS2,2
sdl,2016,63,DECE,30
sdl,2016,63,ERSI3,1
sdl,2016,63,GERO2,37
sdl,2016,63,LLSE,6
sdl,2016,63,NOFEG,4
sdl,2016,63,ORAL,15
sdl,2016,63,POBI6,2
sdl,2016,63,TRPAP,25
sdl,2016,64,2BARE,28
sdl,2016,64,2MOSS,1
sdl,2016,64,ARSC,22
sdl,2016,64,ERSI3,18
sdl,2016,64,FEBR,8
sdl,2016,64,GERO2,18
sdl,2016,64,LLSE,2
sdl,2016,64,MIOB2,1
sdl,2016,64,POBI6,3
sdl,2016,64,STLO2,4
sdl,2016,64,TRPAP,8
sdl,2016,65,2BARE,5
sdl,2016,65,2LTR,2
sdl,2016,65,ARSC,2
sdl,2016,65,CEARS2,2
sdl,2016,65,DECE,45
sdl,2016,65,ERSI3,4
sdl,2016,65,FEBR,2
sdl,2016,65,GERO2,63
sdl,2016,65,LLSE,13
sdl,2016,65,POBI6,4
sdl,2016,65,TRPAP,18
sdl,2016,66,2BARE,19
sdl,2016,66,2LTR,1
sdl,2016,66,2MOSS,1
sdl,2016,66,ARSC,17
sdl,2016,66,CASC12,22
sdl,2016,66,DECE,14
sdl,2016,66,ERSI3,1
sdl,2016,66,GERO2,20
sdl,2016,66,POAL2,11
sdl,2016,66,POBI6,3
sdl,2016,66,SANI8,2
sdl,2016,66,TRPAP,20
sdl,2016,67,2BARE,14
sdl,2016,67,ARSC,14
sdl,2016,67,CAAQ,5
sdl,2016,67,CASC12,8
sdl,2016,67,DECE,33
sdl,2016,67,GERO2,11
sdl,2016,67,LLSE,6
sdl,2016,67,POBI6,1
sdl,2016,67,SANI8,15
sdl,2016,67,TRPAP,19
sdl,2016,68,2BARE,13
sdl,2016,68,2LTR,1
sdl,2016,68,ARSC,17
sdl,2016,68,CAOC4,2
sdl,2016,68,CARO2,2
sdl,2016,68,CASC12,1
sdl,2016,68,CEARS2,3
sdl,2016,68,DECE,21
sdl,2016,68,ERSI3,25
sdl,2016,68,FEBR,4
sdl,2016,68,GERO2,2
sdl,2016,68,LLSE,29
sdl,2016,68,NOFEG,1
sdl,2016,68,POAL2,3
sdl,2016,68,POBI6,5
sdl,2016,68,TRPAP,10
sdl,2016,69,2BARE,3
sdl,2016,69,2LTR,4
sdl,2016,69,ARSC,7
sdl,2016,69,CASC12,82
sdl,2016,69,CEARS2,1
sdl,2016,69,DECE,10
sdl,2016,69,ERSI3,1
sdl,2016,69,GERO2,8
sdl,2016,69,POBI6,1
sdl,2016,69,TRPAP,17
sdl,2016,69,TRSP2,1
sdl,2016,70,2BARE,10
sdl,2016,70,2LTR,2
sdl,2016,70,2RF,1
sdl,2016,70,ARSC,16
sdl,2016,70,CASC12,13
sdl,2016,70,DECE,24
sdl,2016,70,ERSI3,4
sdl,2016,70,GERO2,36
sdl,2016,70,LLSE,3
sdl,2016,70,POAL2,9
sdl,2016,70,POBI6,3
sdl,2016,70,PODI2,3
sdl,2016,70,SAGL,2
sdl,2016,70,SIPR,1
sdl,2016,70,TRPAP,14
sdl,2016,71,2BARE,1
sdl,2016,71,2LTR,2
sdl,2016,71,ARSC,6
sdl,2016,71,CAAQ,45
sdl,2016,71,DECE,46
sdl,2016,71,GERO2,27
sdl,2016,71,LLSE,1
sdl,2016,71,POBI6,2
sdl,2016,71,SAGL,2
sdl,2016,71,TRPAP,15
sdl,2016,72,2BARE,30
sdl,2016,72,2LTR,1
sdl,2016,72,ARSC,4
sdl,2016,72,DECE,38
sdl,2016,72,GERO2,34
sdl,2016,72,POBI6,2
sdl,2016,72,SAGL,2
sdl,2016,72,TRPAP,14
sdl,2016,73,2LTR,1
sdl,2016,73,ARSC,3
sdl,2016,73,CAAQ,31
sdl,2016,73,CASC12,60
sdl,2016,73,DECE,3
sdl,2016,73,GERO2,36
sdl,2016,73,POBI6,2
sdl,2016,73,PODI2,2
sdl,2016,73,TRPAP,7
sdl,2016,74,ARSC,3
sdl,2016,74,CAAQ,19
sdl,2016,74,CASC12,80
sdl,2016,74,GERO2,22
sdl,2016,74,POBI6,1
sdl,2016,74,TRPAP,5
sdl,2016,75,2BARE,4
sdl,2016,75,2RF,2
sdl,2016,75,ARSC,3
sdl,2016,75,CASC12,64
sdl,2016,75,DECE,6
sdl,2016,75,ERSI3,1
sdl,2016,75,FEBR,1
sdl,2016,75,GERO2,41
sdl,2016,75,MELA3,2
sdl,2016,75,ORAL,26
sdl,2016,75,SIACS2,1
sdl,2016,76,2LTR,1
sdl,2016,76,CALE4,2
sdl,2016,76,CASC12,85
sdl,2016,76,DECE,7
sdl,2016,76,GERO2,51
sdl,2016,76,POBI6,2
sdl,2016,76,TRPAP,4
sdl,2016,77,2RF,1
sdl,2016,77,ARSC,32
sdl,2016,77,CAOC4,2
sdl,2016,77,CASC12,30
sdl,2016,77,CEARS2,1
sdl,2016,77,DECE,25
sdl,2016,77,ERSI3,1
sdl,2016,77,FEBR,1
sdl,2016,77,GERO2,64
sdl,2016,77,LLSE,3
sdl,2016,77,POBI6,1
sdl,2016,77,PODI2,1
sdl,2016,77,TRPAP,26
sdl,2016,78,ARSC,13
sdl,2016,78,CAAQ,47
sdl,2016,78,CASC12,34
sdl,2016,78,DECE,7
sdl,2016,78,GERO2,43
sdl,2016,78,POBI6,1
sdl,2016,78,PODI2,4
sdl,2016,78,SIPR,3
sdl,2016,78,TRPAP,16
sdl,2016,79,AGME3,3
sdl,2016,79,ARSC,19
sdl,2016,79,CASC12,60
sdl,2016,79,DECE,12
sdl,2016,79,ERSI3,1
sdl,2016,79,GERO2,24
sdl,2016,79,LLSE,2
sdl,2016,79,SAPL2,6
sdl,2016,79,TRPAP,43
sdl,2016,79,TRSP2,2
sdl,2016,80,2BARE,11
sdl,2016,80,2LTR,1
sdl,2016,80,ANSE4,2
sdl,2016,80,ARSC,14
sdl,2016,80,CASC12,6
sdl,2016,80,DECE,20
sdl,2016,80,ERSI3,12
sdl,2016,80,GERO2,38
sdl,2016,80,LLSE,1
sdl,2016,80,POAL2,13
sdl,2016,80,POBI6,3
sdl,2016,80,PODI2,7
sdl,2016,81,2BARE,5
sdl,2016,81,2LTR,1
sdl,2016,81,AGME3,9
sdl,2016,81,ANSE4,1
sdl,2016,81,ARSC,10
sdl,2016,81,CAAQ,6
sdl,2016,81,CAPU,1
sdl,2016,81,DECE,51
sdl,2016,81,ERSI3,4
sdl,2016,81,GERO2,26
sdl,2016,81,POAL2,2
sdl,2016,81,RHIN11,10
sdl,2016,81,TRPAP,25
sdl,2016,82,2BARE,7
sdl,2016,82,2LTR,2
sdl,2016,82,ARSC,20
sdl,2016,82,CAAQ,4
sdl,2016,82,CAOC4,1
sdl,2016,82,CASC12,7
sdl,2016,82,CEARS2,3
sdl,2016,82,DECE,31
sdl,2016,82,ERSI3,8
sdl,2016,82,FEBR,1
sdl,2016,82,GERO2,35
sdl,2016,82,ORAL,12
sdl,2016,82,POBI6,1
sdl,2016,82,SELA,4
sdl,2016,82,TRPAP,12
sdl,2016,83,2BARE,10
sdl,2016,83,ARSC,8
sdl,2016,83,CAAQ,10
sdl,2016,83,DECE,62
sdl,2016,83,ERSI3,4
sdl,2016,83,GERO2,18
sdl,2016,83,LLSE,2
sdl,2016,83,POBI6,1
sdl,2016,83,STLO2,5
sdl,2016,83,TRPAP,19
sdl,2016,84,2BARE,23
sdl,2016,84,2LTR,2
sdl,2016,84,ARSC,15
sdl,2016,84,CAOC4,3
sdl,2016,84,DECE,2
sdl,2016,84,ERSI3,30
sdl,2016,84,FEBR,2
sdl,2016,84,GERO2,17
sdl,2016,84,LLSE,15
sdl,2016,84,MIOB2,10
sdl,2016,84,ORAL,2
sdl,2016,84,POBI6,2
sdl,2016,84,SARH2,1
sdl,2016,84,STLO2,5
sdl,2016,84,TRPAP,2
sdl,2016,85,2BARE,19
sdl,2016,85,2RF,1
sdl,2016,85,ARSC,11
sdl,2016,85,CAOC4,4
sdl,2016,85,DECE,6
sdl,2016,85,ERSI3,31
sdl,2016,85,GERO2,10
sdl,2016,85,LLSE,37
sdl,2016,85,MIOB2,2
sdl,2016,85,NOFEG,2
sdl,2016,85,POBI6,3
sdl,2016,86,2BARE,14
sdl,2016,86,ANSE4,2
sdl,2016,86,ARSC,3
sdl,2016,86,CASC12,9
sdl,2016,86,DECE,29
sdl,2016,86,GERO2,47
sdl,2016,86,LLSE,4
sdl,2016,86,MELA3,1
sdl,2016,86,NOFEG,1
sdl,2016,86,POBI6,2
sdl,2016,86,TRPAP,9
